DateKey,FullDate,DayNumber,DayName,MonthNumber,MonthName,QuarterNumber,YearNumber,WeekNumber
20230101,2023-01-01,1,Sunday,1,January,1,2023,52
20230102,2023-01-02,2,Monday,1,January,1,2023,1
20230103,2023-01-03,3,Tuesday,1,January,1,2023,1
20230104,2023-01-04,4,Wednesday,1,January,1,2023,1
20230105,2023-01-05,5,Thursday,1,January,1,2023,1
20230106,2023-01-06,6,Friday,1,January,1,2023,1
20230107,2023-01-07,7,Saturday,1,January,1,2023,1
20230108,2023-01-08,8,Sunday,1,January,1,2023,1
20230109,2023-01-09,9,Monday,1,January,1,2023,2
20230110,2023-01-10,10,Tuesday,1,January,1,2023,2
20230111,2023-01-11,11,Wednesday,1,January,1,2023,2
20230112,2023-01-12,12,Thursday,1,January,1,2023,2
20230113,2023-01-13,13,Friday,1,January,1,2023,2
20230114,2023-01-14,14,Saturday,1,January,1,2023,2
20230115,2023-01-15,15,Sunday,1,January,1,2023,2
20230116,2023-01-16,16,Monday,1,January,1,2023,3
20230117,2023-01-17,17,Tuesday,1,January,1,2023,3
20230118,2023-01-18,18,Wednesday,1,January,1,2023,3
20230119,2023-01-19,19,Thursday,1,January,1,2023,3
20230120,2023-01-20,20,Friday,1,January,1,2023,3
20230121,2023-01-21,21,Saturday,1,January,1,2023,3
20230122,2023-01-22,22,Sunday,1,January,1,2023,3
20230123,2023-01-23,23,Monday,1,January,1,2023,4
20230124,2023-01-24,24,Tuesday,1,January,1,2023,4
20230125,2023-01-25,25,Wednesday,1,January,1,2023,4
20230126,2023-01-26,26,Thursday,1,January,1,2023,4
20230127,2023-01-27,27,Friday,1,January,1,2023,4
20230128,2023-01-28,28,Saturday,1,January,1,2023,4
20230129,2023-01-29,29,Sunday,1,January,1,2023,4
20230130,2023-01-30,30,Monday,1,January,1,2023,5
20230131,2023-01-31,31,Tuesday,1,January,1,2023,5
20230201,2023-02-01,1,Wednesday,2,February,1,2023,5
20230202,2023-02-02,2,Thursday,2,February,1,2023,5
20230203,2023-02-03,3,Friday,2,February,1,2023,5
20230204,2023-02-04,4,Saturday,2,February,1,2023,5
20230205,2023-02-05,5,Sunday,2,February,1,2023,5
20230206,2023-02-06,6,Monday,2,February,1,2023,6
20230207,2023-02-07,7,Tuesday,2,February,1,2023,6
20230208,2023-02-08,8,Wednesday,2,February,1,2023,6
20230209,2023-02-09,9,Thursday,2,February,1,2023,6
20230210,2023-02-10,10,Friday,2,February,1,2023,6
20230211,2023-02-11,11,Saturday,2,February,1,2023,6
20230212,2023-02-12,12,Sunday,2,February,1,2023,6
20230213,2023-02-13,13,Monday,2,February,1,2023,7
20230214,2023-02-14,14,Tuesday,2,February,1,2023,7
20230215,2023-02-15,15,Wednesday,2,February,1,2023,7
20230216,2023-02-16,16,Thursday,2,February,1,2023,7
20230217,2023-02-17,17,Friday,2,February,1,2023,7
20230218,2023-02-18,18,Saturday,2,February,1,2023,7
20230219,2023-02-19,19,Sunday,2,February,1,2023,7
20230220,2023-02-20,20,Monday,2,February,1,2023,8
20230221,2023-02-21,21,Tuesday,2,February,1,2023,8
20230222,2023-02-22,22,Wednesday,2,February,1,2023,8
20230223,2023-02-23,23,Thursday,2,February,1,2023,8
20230224,2023-02-24,24,Friday,2,February,1,2023,8
20230225,2023-02-25,25,Saturday,2,February,1,2023,8
20230226,2023-02-26,26,Sunday,2,February,1,2023,8
20230227,2023-02-27,27,Monday,2,February,1,2023,9
20230228,2023-02-28,28,Tuesday,2,February,1,2023,9
20230301,2023-03-01,1,Wednesday,3,March,1,2023,9
20230302,2023-03-02,2,Thursday,3,March,1,2023,9
20230303,2023-03-03,3,Friday,3,March,1,2023,9
20230304,2023-03-04,4,Saturday,3,March,1,2023,9
20230305,2023-03-05,5,Sunday,3,March,1,2023,9
20230306,2023-03-06,6,Monday,3,March,1,2023,10
20230307,2023-03-07,7,Tuesday,3,March,1,2023,10
20230308,2023-03-08,8,Wednesday,3,March,1,2023,10
20230309,2023-03-09,9,Thursday,3,March,1,2023,10
20230310,2023-03-10,10,Friday,3,March,1,2023,10
20230311,2023-03-11,11,Saturday,3,March,1,2023,10
20230312,2023-03-12,12,Sunday,3,March,1,2023,10
20230313,2023-03-13,13,Monday,3,March,1,2023,11
20230314,2023-03-14,14,Tuesday,3,March,1,2023,11
20230315,2023-03-15,15,Wednesday,3,March,1,2023,11
20230316,2023-03-16,16,Thursday,3,March,1,2023,11
20230317,2023-03-17,17,Friday,3,March,1,2023,11
20230318,2023-03-18,18,Saturday,3,March,1,2023,11
20230319,2023-03-19,19,Sunday,3,March,1,2023,11
20230320,2023-03-20,20,Monday,3,March,1,2023,12
20230321,2023-03-21,21,Tuesday,3,March,1,2023,12
20230322,2023-03-22,22,Wednesday,3,March,1,2023,12
20230323,2023-03-23,23,Thursday,3,March,1,2023,12
20230324,2023-03-24,24,Friday,3,March,1,2023,12
20230325,2023-03-25,25,Saturday,3,March,1,2023,12
20230326,2023-03-26,26,Sunday,3,March,1,2023,12
20230327,2023-03-27,27,Monday,3,March,1,2023,13
20230328,2023-03-28,28,Tuesday,3,March,1,2023,13
20230329,2023-03-29,29,Wednesday,3,March,1,2023,13
20230330,2023-03-30,30,Thursday,3,March,1,2023,13
20230331,2023-03-31,31,Friday,3,March,1,2023,13
20230401,2023-04-01,1,Saturday,4,April,2,2023,13
20230402,2023-04-02,2,Sunday,4,April,2,2023,13
20230403,2023-04-03,3,Monday,4,April,2,2023,14
20230404,2023-04-04,4,Tuesday,4,April,2,2023,14
20230405,2023-04-05,5,Wednesday,4,April,2,2023,14
20230406,2023-04-06,6,Thursday,4,April,2,2023,14
20230407,2023-04-07,7,Friday,4,April,2,2023,14
20230408,2023-04-08,8,Saturday,4,April,2,2023,14
20230409,2023-04-09,9,Sunday,4,April,2,2023,14
20230410,2023-04-10,10,Monday,4,April,2,2023,15
20230411,2023-04-11,11,Tuesday,4,April,2,2023,15
20230412,2023-04-12,12,Wednesday,4,April,2,2023,15
20230413,2023-04-13,13,Thursday,4,April,2,2023,15
20230414,2023-04-14,14,Friday,4,April,2,2023,15
20230415,2023-04-15,15,Saturday,4,April,2,2023,15
20230416,2023-04-16,16,Sunday,4,April,2,2023,15
20230417,2023-04-17,17,Monday,4,April,2,2023,16
20230418,2023-04-18,18,Tuesday,4,April,2,2023,16
20230419,2023-04-19,19,Wednesday,4,April,2,2023,16
20230420,2023-04-20,20,Thursday,4,April,2,2023,16
20230421,2023-04-21,21,Friday,4,April,2,2023,16
20230422,2023-04-22,22,Saturday,4,April,2,2023,16
20230423,2023-04-23,23,Sunday,4,April,2,2023,16
20230424,2023-04-24,24,Monday,4,April,2,2023,17
20230425,2023-04-25,25,Tuesday,4,April,2,2023,17
20230426,2023-04-26,26,Wednesday,4,April,2,2023,17
20230427,2023-04-27,27,Thursday,4,April,2,2023,17
20230428,2023-04-28,28,Friday,4,April,2,2023,17
20230429,2023-04-29,29,Saturday,4,April,2,2023,17
20230430,2023-04-30,30,Sunday,4,April,2,2023,17
20230501,2023-05-01,1,Monday,5,May,2,2023,18
20230502,2023-05-02,2,Tuesday,5,May,2,2023,18
20230503,2023-05-03,3,Wednesday,5,May,2,2023,18
20230504,2023-05-04,4,Thursday,5,May,2,2023,18
20230505,2023-05-05,5,Friday,5,May,2,2023,18
20230506,2023-05-06,6,Saturday,5,May,2,2023,18
20230507,2023-05-07,7,Sunday,5,May,2,2023,18
20230508,2023-05-08,8,Monday,5,May,2,2023,19
20230509,2023-05-09,9,Tuesday,5,May,2,2023,19
20230510,2023-05-10,10,Wednesday,5,May,2,2023,19
20230511,2023-05-11,11,Thursday,5,May,2,2023,19
20230512,2023-05-12,12,Friday,5,May,2,2023,19
20230513,2023-05-13,13,Saturday,5,May,2,2023,19
20230514,2023-05-14,14,Sunday,5,May,2,2023,19
20230515,2023-05-15,15,Monday,5,May,2,2023,20
20230516,2023-05-16,16,Tuesday,5,May,2,2023,20
20230517,2023-05-17,17,Wednesday,5,May,2,2023,20
20230518,2023-05-18,18,Thursday,5,May,2,2023,20
20230519,2023-05-19,19,Friday,5,May,2,2023,20
20230520,2023-05-20,20,Saturday,5,May,2,2023,20
20230521,2023-05-21,21,Sunday,5,May,2,2023,20
20230522,2023-05-22,22,Monday,5,May,2,2023,21
20230523,2023-05-23,23,Tuesday,5,May,2,2023,21
20230524,2023-05-24,24,Wednesday,5,May,2,2023,21
20230525,2023-05-25,25,Thursday,5,May,2,2023,21
20230526,2023-05-26,26,Friday,5,May,2,2023,21
20230527,2023-05-27,27,Saturday,5,May,2,2023,21
20230528,2023-05-28,28,Sunday,5,May,2,2023,21
20230529,2023-05-29,29,Monday,5,May,2,2023,22
20230530,2023-05-30,30,Tuesday,5,May,2,2023,22
20230531,2023-05-31,31,Wednesday,5,May,2,2023,22
20230601,2023-06-01,1,Thursday,6,June,2,2023,22
20230602,2023-06-02,2,Friday,6,June,2,2023,22
20230603,2023-06-03,3,Saturday,6,June,2,2023,22
20230604,2023-06-04,4,Sunday,6,June,2,2023,22
20230605,2023-06-05,5,Monday,6,June,2,2023,23
20230606,2023-06-06,6,Tuesday,6,June,2,2023,23
20230607,2023-06-07,7,Wednesday,6,June,2,2023,23
20230608,2023-06-08,8,Thursday,6,June,2,2023,23
20230609,2023-06-09,9,Friday,6,June,2,2023,23
20230610,2023-06-10,10,Saturday,6,June,2,2023,23
20230611,2023-06-11,11,Sunday,6,June,2,2023,23
20230612,2023-06-12,12,Monday,6,June,2,2023,24
20230613,2023-06-13,13,Tuesday,6,June,2,2023,24
20230614,2023-06-14,14,Wednesday,6,June,2,2023,24
20230615,2023-06-15,15,Thursday,6,June,2,2023,24
20230616,2023-06-16,16,Friday,6,June,2,2023,24
20230617,2023-06-17,17,Saturday,6,June,2,2023,24
20230618,2023-06-18,18,Sunday,6,June,2,2023,24
20230619,2023-06-19,19,Monday,6,June,2,2023,25
20230620,2023-06-20,20,Tuesday,6,June,2,2023,25
20230621,2023-06-21,21,Wednesday,6,June,2,2023,25
20230622,2023-06-22,22,Thursday,6,June,2,2023,25
20230623,2023-06-23,23,Friday,6,June,2,2023,25
20230624,2023-06-24,24,Saturday,6,June,2,2023,25
20230625,2023-06-25,25,Sunday,6,June,2,2023,25
20230626,2023-06-26,26,Monday,6,June,2,2023,26
20230627,2023-06-27,27,Tuesday,6,June,2,2023,26
20230628,2023-06-28,28,Wednesday,6,June,2,2023,26
20230629,2023-06-29,29,Thursday,6,June,2,2023,26
20230630,2023-06-30,30,Friday,6,June,2,2023,26
20230701,2023-07-01,1,Saturday,7,July,3,2023,26
20230702,2023-07-02,2,Sunday,7,July,3,2023,26
20230703,2023-07-03,3,Monday,7,July,3,2023,27
20230704,2023-07-04,4,Tuesday,7,July,3,2023,27
20230705,2023-07-05,5,Wednesday,7,July,3,2023,27
20230706,2023-07-06,6,Thursday,7,July,3,2023,27
20230707,2023-07-07,7,Friday,7,July,3,2023,27
20230708,2023-07-08,8,Saturday,7,July,3,2023,27
20230709,2023-07-09,9,Sunday,7,July,3,2023,27
20230710,2023-07-10,10,Monday,7,July,3,2023,28
20230711,2023-07-11,11,Tuesday,7,July,3,2023,28
20230712,2023-07-12,12,Wednesday,7,July,3,2023,28
20230713,2023-07-13,13,Thursday,7,July,3,2023,28
20230714,2023-07-14,14,Friday,7,July,3,2023,28
20230715,2023-07-15,15,Saturday,7,July,3,2023,28
20230716,2023-07-16,16,Sunday,7,July,3,2023,28
20230717,2023-07-17,17,Monday,7,July,3,2023,29
20230718,2023-07-18,18,Tuesday,7,July,3,2023,29
20230719,2023-07-19,19,Wednesday,7,July,3,2023,29
20230720,2023-07-20,20,Thursday,7,July,3,2023,29
20230721,2023-07-21,21,Friday,7,July,3,2023,29
20230722,2023-07-22,22,Saturday,7,July,3,2023,29
20230723,2023-07-23,23,Sunday,7,July,3,2023,29
20230724,2023-07-24,24,Monday,7,July,3,2023,30
20230725,2023-07-25,25,Tuesday,7,July,3,2023,30
20230726,2023-07-26,26,Wednesday,7,July,3,2023,30
20230727,2023-07-27,27,Thursday,7,July,3,2023,30
20230728,2023-07-28,28,Friday,7,July,3,2023,30
20230729,2023-07-29,29,Saturday,7,July,3,2023,30
20230730,2023-07-30,30,Sunday,7,July,3,2023,30
20230731,2023-07-31,31,Monday,7,July,3,2023,31
20230801,2023-08-01,1,Tuesday,8,August,3,2023,31
20230802,2023-08-02,2,Wednesday,8,August,3,2023,31
20230803,2023-08-03,3,Thursday,8,August,3,2023,31
20230804,2023-08-04,4,Friday,8,August,3,2023,31
20230805,2023-08-05,5,Saturday,8,August,3,2023,31
20230806,2023-08-06,6,Sunday,8,August,3,2023,31
20230807,2023-08-07,7,Monday,8,August,3,2023,32
20230808,2023-08-08,8,Tuesday,8,August,3,2023,32
20230809,2023-08-09,9,Wednesday,8,August,3,2023,32
20230810,2023-08-10,10,Thursday,8,August,3,2023,32
20230811,2023-08-11,11,Friday,8,August,3,2023,32
20230812,2023-08-12,12,Saturday,8,August,3,2023,32
20230813,2023-08-13,13,Sunday,8,August,3,2023,32
20230814,2023-08-14,14,Monday,8,August,3,2023,33
20230815,2023-08-15,15,Tuesday,8,August,3,2023,33
20230816,2023-08-16,16,Wednesday,8,August,3,2023,33
20230817,2023-08-17,17,Thursday,8,August,3,2023,33
20230818,2023-08-18,18,Friday,8,August,3,2023,33
20230819,2023-08-19,19,Saturday,8,August,3,2023,33
20230820,2023-08-20,20,Sunday,8,August,3,2023,33
20230821,2023-08-21,21,Monday,8,August,3,2023,34
20230822,2023-08-22,22,Tuesday,8,August,3,2023,34
20230823,2023-08-23,23,Wednesday,8,August,3,2023,34
20230824,2023-08-24,24,Thursday,8,August,3,2023,34
20230825,2023-08-25,25,Friday,8,August,3,2023,34
20230826,2023-08-26,26,Saturday,8,August,3,2023,34
20230827,2023-08-27,27,Sunday,8,August,3,2023,34
20230828,2023-08-28,28,Monday,8,August,3,2023,35
20230829,2023-08-29,29,Tuesday,8,August,3,2023,35
20230830,2023-08-30,30,Wednesday,8,August,3,2023,35
20230831,2023-08-31,31,Thursday,8,August,3,2023,35
20230901,2023-09-01,1,Friday,9,September,3,2023,35
20230902,2023-09-02,2,Saturday,9,September,3,2023,35
20230903,2023-09-03,3,Sunday,9,September,3,2023,35
20230904,2023-09-04,4,Monday,9,September,3,2023,36
20230905,2023-09-05,5,Tuesday,9,September,3,2023,36
20230906,2023-09-06,6,Wednesday,9,September,3,2023,36
20230907,2023-09-07,7,Thursday,9,September,3,2023,36
20230908,2023-09-08,8,Friday,9,September,3,2023,36
20230909,2023-09-09,9,Saturday,9,September,3,2023,36
20230910,2023-09-10,10,Sunday,9,September,3,2023,36
20230911,2023-09-11,11,Monday,9,September,3,2023,37
20230912,2023-09-12,12,Tuesday,9,September,3,2023,37
20230913,2023-09-13,13,Wednesday,9,September,3,2023,37
20230914,2023-09-14,14,Thursday,9,September,3,2023,37
20230915,2023-09-15,15,Friday,9,September,3,2023,37
20230916,2023-09-16,16,Saturday,9,September,3,2023,37
20230917,2023-09-17,17,Sunday,9,September,3,2023,37
20230918,2023-09-18,18,Monday,9,September,3,2023,38
20230919,2023-09-19,19,Tuesday,9,September,3,2023,38
20230920,2023-09-20,20,Wednesday,9,September,3,2023,38
20230921,2023-09-21,21,Thursday,9,September,3,2023,38
20230922,2023-09-22,22,Friday,9,September,3,2023,38
20230923,2023-09-23,23,Saturday,9,September,3,2023,38
20230924,2023-09-24,24,Sunday,9,September,3,2023,38
20230925,2023-09-25,25,Monday,9,September,3,2023,39
20230926,2023-09-26,26,Tuesday,9,September,3,2023,39
20230927,2023-09-27,27,Wednesday,9,September,3,2023,39
20230928,2023-09-28,28,Thursday,9,September,3,2023,39
20230929,2023-09-29,29,Friday,9,September,3,2023,39
20230930,2023-09-30,30,Saturday,9,September,3,2023,39
20231001,2023-10-01,1,Sunday,10,October,4,2023,39
20231002,2023-10-02,2,Monday,10,October,4,2023,40
20231003,2023-10-03,3,Tuesday,10,October,4,2023,40
20231004,2023-10-04,4,Wednesday,10,October,4,2023,40
20231005,2023-10-05,5,Thursday,10,October,4,2023,40
20231006,2023-10-06,6,Friday,10,October,4,2023,40
20231007,2023-10-07,7,Saturday,10,October,4,2023,40
20231008,2023-10-08,8,Sunday,10,October,4,2023,40
20231009,2023-10-09,9,Monday,10,October,4,2023,41
20231010,2023-10-10,10,Tuesday,10,October,4,2023,41
20231011,2023-10-11,11,Wednesday,10,October,4,2023,41
20231012,2023-10-12,12,Thursday,10,October,4,2023,41
20231013,2023-10-13,13,Friday,10,October,4,2023,41
20231014,2023-10-14,14,Saturday,10,October,4,2023,41
20231015,2023-10-15,15,Sunday,10,October,4,2023,41
20231016,2023-10-16,16,Monday,10,October,4,2023,42
20231017,2023-10-17,17,Tuesday,10,October,4,2023,42
20231018,2023-10-18,18,Wednesday,10,October,4,2023,42
20231019,2023-10-19,19,Thursday,10,October,4,2023,42
20231020,2023-10-20,20,Friday,10,October,4,2023,42
20231021,2023-10-21,21,Saturday,10,October,4,2023,42
20231022,2023-10-22,22,Sunday,10,October,4,2023,42
20231023,2023-10-23,23,Monday,10,October,4,2023,43
20231024,2023-10-24,24,Tuesday,10,October,4,2023,43
20231025,2023-10-25,25,Wednesday,10,October,4,2023,43
20231026,2023-10-26,26,Thursday,10,October,4,2023,43
20231027,2023-10-27,27,Friday,10,October,4,2023,43
20231028,2023-10-28,28,Saturday,10,October,4,2023,43
20231029,2023-10-29,29,Sunday,10,October,4,2023,43
20231030,2023-10-30,30,Monday,10,October,4,2023,44
20231031,2023-10-31,31,Tuesday,10,October,4,2023,44
20231101,2023-11-01,1,Wednesday,11,November,4,2023,44
20231102,2023-11-02,2,Thursday,11,November,4,2023,44
20231103,2023-11-03,3,Friday,11,November,4,2023,44
20231104,2023-11-04,4,Saturday,11,November,4,2023,44
20231105,2023-11-05,5,Sunday,11,November,4,2023,44
20231106,2023-11-06,6,Monday,11,November,4,2023,45
20231107,2023-11-07,7,Tuesday,11,November,4,2023,45
20231108,2023-11-08,8,Wednesday,11,November,4,2023,45
20231109,2023-11-09,9,Thursday,11,November,4,2023,45
20231110,2023-11-10,10,Friday,11,November,4,2023,45
20231111,2023-11-11,11,Saturday,11,November,4,2023,45
20231112,2023-11-12,12,Sunday,11,November,4,2023,45
20231113,2023-11-13,13,Monday,11,November,4,2023,46
20231114,2023-11-14,14,Tuesday,11,November,4,2023,46
20231115,2023-11-15,15,Wednesday,11,November,4,2023,46
20231116,2023-11-16,16,Thursday,11,November,4,2023,46
20231117,2023-11-17,17,Friday,11,November,4,2023,46
20231118,2023-11-18,18,Saturday,11,November,4,2023,46
20231119,2023-11-19,19,Sunday,11,November,4,2023,46
20231120,2023-11-20,20,Monday,11,November,4,2023,47
20231121,2023-11-21,21,Tuesday,11,November,4,2023,47
20231122,2023-11-22,22,Wednesday,11,November,4,2023,47
20231123,2023-11-23,23,Thursday,11,November,4,2023,47
20231124,2023-11-24,24,Friday,11,November,4,2023,47
20231125,2023-11-25,25,Saturday,11,November,4,2023,47
20231126,2023-11-26,26,Sunday,11,November,4,2023,47
20231127,2023-11-27,27,Monday,11,November,4,2023,48
20231128,2023-11-28,28,Tuesday,11,November,4,2023,48
20231129,2023-11-29,29,Wednesday,11,November,4,2023,48
20231130,2023-11-30,30,Thursday,11,November,4,2023,48
20231201,2023-12-01,1,Friday,12,December,4,2023,48
20231202,2023-12-02,2,Saturday,12,December,4,2023,48
20231203,2023-12-03,3,Sunday,12,December,4,2023,48
20231204,2023-12-04,4,Monday,12,December,4,2023,49
20231205,2023-12-05,5,Tuesday,12,December,4,2023,49
20231206,2023-12-06,6,Wednesday,12,December,4,2023,49
20231207,2023-12-07,7,Thursday,12,December,4,2023,49
20231208,2023-12-08,8,Friday,12,December,4,2023,49
20231209,2023-12-09,9,Saturday,12,December,4,2023,49
20231210,2023-12-10,10,Sunday,12,December,4,2023,49
20231211,2023-12-11,11,Monday,12,December,4,2023,50
20231212,2023-12-12,12,Tuesday,12,December,4,2023,50
20231213,2023-12-13,13,Wednesday,12,December,4,2023,50
20231214,2023-12-14,14,Thursday,12,December,4,2023,50
20231215,2023-12-15,15,Friday,12,December,4,2023,50
20231216,2023-12-16,16,Saturday,12,December,4,2023,50
20231217,2023-12-17,17,Sunday,12,December,4,2023,50
20231218,2023-12-18,18,Monday,12,December,4,2023,51
20231219,2023-12-19,19,Tuesday,12,December,4,2023,51
20231220,2023-12-20,20,Wednesday,12,December,4,2023,51
20231221,2023-12-21,21,Thursday,12,December,4,2023,51
20231222,2023-12-22,22,Friday,12,December,4,2023,51
20231223,2023-12-23,23,Saturday,12,December,4,2023,51
20231224,2023-12-24,24,Sunday,12,December,4,2023,51
20231225,2023-12-25,25,Monday,12,December,4,2023,52
20231226,2023-12-26,26,Tuesday,12,December,4,2023,52
20231227,2023-12-27,27,Wednesday,12,December,4,2023,52
20231228,2023-12-28,28,Thursday,12,December,4,2023,52
20231229,2023-12-29,29,Friday,12,December,4,2023,52
20231230,2023-12-30,30,Saturday,12,December,4,2023,52
20231231,2023-12-31,31,Sunday,12,December,4,2023,52
20240101,2024-01-01,1,Monday,1,January,1,2024,1
20240102,2024-01-02,2,Tuesday,1,January,1,2024,1
20240103,2024-01-03,3,Wednesday,1,January,1,2024,1
20240104,2024-01-04,4,Thursday,1,January,1,2024,1
20240105,2024-01-05,5,Friday,1,January,1,2024,1
20240106,2024-01-06,6,Saturday,1,January,1,2024,1
20240107,2024-01-07,7,Sunday,1,January,1,2024,1
20240108,2024-01-08,8,Monday,1,January,1,2024,2
20240109,2024-01-09,9,Tuesday,1,January,1,2024,2
20240110,2024-01-10,10,Wednesday,1,January,1,2024,2
20240111,2024-01-11,11,Thursday,1,January,1,2024,2
20240112,2024-01-12,12,Friday,1,January,1,2024,2
20240113,2024-01-13,13,Saturday,1,January,1,2024,2
20240114,2024-01-14,14,Sunday,1,January,1,2024,2
20240115,2024-01-15,15,Monday,1,January,1,2024,3
20240116,2024-01-16,16,Tuesday,1,January,1,2024,3
20240117,2024-01-17,17,Wednesday,1,January,1,2024,3
20240118,2024-01-18,18,Thursday,1,January,1,2024,3
20240119,2024-01-19,19,Friday,1,January,1,2024,3
20240120,2024-01-20,20,Saturday,1,January,1,2024,3
20240121,2024-01-21,21,Sunday,1,January,1,2024,3
20240122,2024-01-22,22,Monday,1,January,1,2024,4
20240123,2024-01-23,23,Tuesday,1,January,1,2024,4
20240124,2024-01-24,24,Wednesday,1,January,1,2024,4
20240125,2024-01-25,25,Thursday,1,January,1,2024,4
20240126,2024-01-26,26,Friday,1,January,1,2024,4
20240127,2024-01-27,27,Saturday,1,January,1,2024,4
20240128,2024-01-28,28,Sunday,1,January,1,2024,4
20240129,2024-01-29,29,Monday,1,January,1,2024,5
20240130,2024-01-30,30,Tuesday,1,January,1,2024,5
20240131,2024-01-31,31,Wednesday,1,January,1,2024,5
20240201,2024-02-01,1,Thursday,2,February,1,2024,5
20240202,2024-02-02,2,Friday,2,February,1,2024,5
20240203,2024-02-03,3,Saturday,2,February,1,2024,5
20240204,2024-02-04,4,Sunday,2,February,1,2024,5
20240205,2024-02-05,5,Monday,2,February,1,2024,6
20240206,2024-02-06,6,Tuesday,2,February,1,2024,6
20240207,2024-02-07,7,Wednesday,2,February,1,2024,6
20240208,2024-02-08,8,Thursday,2,February,1,2024,6
20240209,2024-02-09,9,Friday,2,February,1,2024,6
20240210,2024-02-10,10,Saturday,2,February,1,2024,6
20240211,2024-02-11,11,Sunday,2,February,1,2024,6
20240212,2024-02-12,12,Monday,2,February,1,2024,7
20240213,2024-02-13,13,Tuesday,2,February,1,2024,7
20240214,2024-02-14,14,Wednesday,2,February,1,2024,7
20240215,2024-02-15,15,Thursday,2,February,1,2024,7
20240216,2024-02-16,16,Friday,2,February,1,2024,7
20240217,2024-02-17,17,Saturday,2,February,1,2024,7
20240218,2024-02-18,18,Sunday,2,February,1,2024,7
20240219,2024-02-19,19,Monday,2,February,1,2024,8
20240220,2024-02-20,20,Tuesday,2,February,1,2024,8
20240221,2024-02-21,21,Wednesday,2,February,1,2024,8
20240222,2024-02-22,22,Thursday,2,February,1,2024,8
20240223,2024-02-23,23,Friday,2,February,1,2024,8
20240224,2024-02-24,24,Saturday,2,February,1,2024,8
20240225,2024-02-25,25,Sunday,2,February,1,2024,8
20240226,2024-02-26,26,Monday,2,February,1,2024,9
20240227,2024-02-27,27,Tuesday,2,February,1,2024,9
20240228,2024-02-28,28,Wednesday,2,February,1,2024,9
20240229,2024-02-29,29,Thursday,2,February,1,2024,9
20240301,2024-03-01,1,Friday,3,March,1,2024,9
20240302,2024-03-02,2,Saturday,3,March,1,2024,9
20240303,2024-03-03,3,Sunday,3,March,1,2024,9
20240304,2024-03-04,4,Monday,3,March,1,2024,10
20240305,2024-03-05,5,Tuesday,3,March,1,2024,10
20240306,2024-03-06,6,Wednesday,3,March,1,2024,10
20240307,2024-03-07,7,Thursday,3,March,1,2024,10
20240308,2024-03-08,8,Friday,3,March,1,2024,10
20240309,2024-03-09,9,Saturday,3,March,1,2024,10
20240310,2024-03-10,10,Sunday,3,March,1,2024,10
20240311,2024-03-11,11,Monday,3,March,1,2024,11
20240312,2024-03-12,12,Tuesday,3,March,1,2024,11
20240313,2024-03-13,13,Wednesday,3,March,1,2024,11
20240314,2024-03-14,14,Thursday,3,March,1,2024,11
20240315,2024-03-15,15,Friday,3,March,1,2024,11
20240316,2024-03-16,16,Saturday,3,March,1,2024,11
20240317,2024-03-17,17,Sunday,3,March,1,2024,11
20240318,2024-03-18,18,Monday,3,March,1,2024,12
20240319,2024-03-19,19,Tuesday,3,March,1,2024,12
20240320,2024-03-20,20,Wednesday,3,March,1,2024,12
20240321,2024-03-21,21,Thursday,3,March,1,2024,12
20240322,2024-03-22,22,Friday,3,March,1,2024,12
20240323,2024-03-23,23,Saturday,3,March,1,2024,12
20240324,2024-03-24,24,Sunday,3,March,1,2024,12
20240325,2024-03-25,25,Monday,3,March,1,2024,13
20240326,2024-03-26,26,Tuesday,3,March,1,2024,13
20240327,2024-03-27,27,Wednesday,3,March,1,2024,13
20240328,2024-03-28,28,Thursday,3,March,1,2024,13
20240329,2024-03-29,29,Friday,3,March,1,2024,13
20240330,2024-03-30,30,Saturday,3,March,1,2024,13
20240331,2024-03-31,31,Sunday,3,March,1,2024,13
20240401,2024-04-01,1,Monday,4,April,2,2024,14
20240402,2024-04-02,2,Tuesday,4,April,2,2024,14
20240403,2024-04-03,3,Wednesday,4,April,2,2024,14
20240404,2024-04-04,4,Thursday,4,April,2,2024,14
20240405,2024-04-05,5,Friday,4,April,2,2024,14
20240406,2024-04-06,6,Saturday,4,April,2,2024,14
20240407,2024-04-07,7,Sunday,4,April,2,2024,14
20240408,2024-04-08,8,Monday,4,April,2,2024,15
20240409,2024-04-09,9,Tuesday,4,April,2,2024,15
20240410,2024-04-10,10,Wednesday,4,April,2,2024,15
20240411,2024-04-11,11,Thursday,4,April,2,2024,15
20240412,2024-04-12,12,Friday,4,April,2,2024,15
20240413,2024-04-13,13,Saturday,4,April,2,2024,15
20240414,2024-04-14,14,Sunday,4,April,2,2024,15
20240415,2024-04-15,15,Monday,4,April,2,2024,16
20240416,2024-04-16,16,Tuesday,4,April,2,2024,16
20240417,2024-04-17,17,Wednesday,4,April,2,2024,16
20240418,2024-04-18,18,Thursday,4,April,2,2024,16
20240419,2024-04-19,19,Friday,4,April,2,2024,16
20240420,2024-04-20,20,Saturday,4,April,2,2024,16
20240421,2024-04-21,21,Sunday,4,April,2,2024,16
20240422,2024-04-22,22,Monday,4,April,2,2024,17
20240423,2024-04-23,23,Tuesday,4,April,2,2024,17
20240424,2024-04-24,24,Wednesday,4,April,2,2024,17
20240425,2024-04-25,25,Thursday,4,April,2,2024,17
20240426,2024-04-26,26,Friday,4,April,2,2024,17
20240427,2024-04-27,27,Saturday,4,April,2,2024,17
20240428,2024-04-28,28,Sunday,4,April,2,2024,17
20240429,2024-04-29,29,Monday,4,April,2,2024,18
20240430,2024-04-30,30,Tuesday,4,April,2,2024,18
20240501,2024-05-01,1,Wednesday,5,May,2,2024,18
20240502,2024-05-02,2,Thursday,5,May,2,2024,18
20240503,2024-05-03,3,Friday,5,May,2,2024,18
20240504,2024-05-04,4,Saturday,5,May,2,2024,18
20240505,2024-05-05,5,Sunday,5,May,2,2024,18
20240506,2024-05-06,6,Monday,5,May,2,2024,19
20240507,2024-05-07,7,Tuesday,5,May,2,2024,19
20240508,2024-05-08,8,Wednesday,5,May,2,2024,19
20240509,2024-05-09,9,Thursday,5,May,2,2024,19
20240510,2024-05-10,10,Friday,5,May,2,2024,19
20240511,2024-05-11,11,Saturday,5,May,2,2024,19
20240512,2024-05-12,12,Sunday,5,May,2,2024,19
20240513,2024-05-13,13,Monday,5,May,2,2024,20
20240514,2024-05-14,14,Tuesday,5,May,2,2024,20
20240515,2024-05-15,15,Wednesday,5,May,2,2024,20
20240516,2024-05-16,16,Thursday,5,May,2,2024,20
20240517,2024-05-17,17,Friday,5,May,2,2024,20
20240518,2024-05-18,18,Saturday,5,May,2,2024,20
20240519,2024-05-19,19,Sunday,5,May,2,2024,20
20240520,2024-05-20,20,Monday,5,May,2,2024,21
20240521,2024-05-21,21,Tuesday,5,May,2,2024,21
20240522,2024-05-22,22,Wednesday,5,May,2,2024,21
20240523,2024-05-23,23,Thursday,5,May,2,2024,21
20240524,2024-05-24,24,Friday,5,May,2,2024,21
20240525,2024-05-25,25,Saturday,5,May,2,2024,21
20240526,2024-05-26,26,Sunday,5,May,2,2024,21
20240527,2024-05-27,27,Monday,5,May,2,2024,22
20240528,2024-05-28,28,Tuesday,5,May,2,2024,22
20240529,2024-05-29,29,Wednesday,5,May,2,2024,22
20240530,2024-05-30,30,Thursday,5,May,2,2024,22
20240531,2024-05-31,31,Friday,5,May,2,2024,22
20240601,2024-06-01,1,Saturday,6,June,2,2024,22
20240602,2024-06-02,2,Sunday,6,June,2,2024,22
20240603,2024-06-03,3,Monday,6,June,2,2024,23
20240604,2024-06-04,4,Tuesday,6,June,2,2024,23
20240605,2024-06-05,5,Wednesday,6,June,2,2024,23
20240606,2024-06-06,6,Thursday,6,June,2,2024,23
20240607,2024-06-07,7,Friday,6,June,2,2024,23
20240608,2024-06-08,8,Saturday,6,June,2,2024,23
20240609,2024-06-09,9,Sunday,6,June,2,2024,23
20240610,2024-06-10,10,Monday,6,June,2,2024,24
20240611,2024-06-11,11,Tuesday,6,June,2,2024,24
20240612,2024-06-12,12,Wednesday,6,June,2,2024,24
20240613,2024-06-13,13,Thursday,6,June,2,2024,24
20240614,2024-06-14,14,Friday,6,June,2,2024,24
20240615,2024-06-15,15,Saturday,6,June,2,2024,24
20240616,2024-06-16,16,Sunday,6,June,2,2024,24
20240617,2024-06-17,17,Monday,6,June,2,2024,25
20240618,2024-06-18,18,Tuesday,6,June,2,2024,25
20240619,2024-06-19,19,Wednesday,6,June,2,2024,25
20240620,2024-06-20,20,Thursday,6,June,2,2024,25
20240621,2024-06-21,21,Friday,6,June,2,2024,25
20240622,2024-06-22,22,Saturday,6,June,2,2024,25
20240623,2024-06-23,23,Sunday,6,June,2,2024,25
20240624,2024-06-24,24,Monday,6,June,2,2024,26
20240625,2024-06-25,25,Tuesday,6,June,2,2024,26
20240626,2024-06-26,26,Wednesday,6,June,2,2024,26
20240627,2024-06-27,27,Thursday,6,June,2,2024,26
20240628,2024-06-28,28,Friday,6,June,2,2024,26
20240629,2024-06-29,29,Saturday,6,June,2,2024,26
20240630,2024-06-30,30,Sunday,6,June,2,2024,26
20240701,2024-07-01,1,Monday,7,July,3,2024,27
20240702,2024-07-02,2,Tuesday,7,July,3,2024,27
20240703,2024-07-03,3,Wednesday,7,July,3,2024,27
20240704,2024-07-04,4,Thursday,7,July,3,2024,27
20240705,2024-07-05,5,Friday,7,July,3,2024,27
20240706,2024-07-06,6,Saturday,7,July,3,2024,27
20240707,2024-07-07,7,Sunday,7,July,3,2024,27
20240708,2024-07-08,8,Monday,7,July,3,2024,28
20240709,2024-07-09,9,Tuesday,7,July,3,2024,28
20240710,2024-07-10,10,Wednesday,7,July,3,2024,28
20240711,2024-07-11,11,Thursday,7,July,3,2024,28
20240712,2024-07-12,12,Friday,7,July,3,2024,28
20240713,2024-07-13,13,Saturday,7,July,3,2024,28
20240714,2024-07-14,14,Sunday,7,July,3,2024,28
20240715,2024-07-15,15,Monday,7,July,3,2024,29
20240716,2024-07-16,16,Tuesday,7,July,3,2024,29
20240717,2024-07-17,17,Wednesday,7,July,3,2024,29
20240718,2024-07-18,18,Thursday,7,July,3,2024,29
20240719,2024-07-19,19,Friday,7,July,3,2024,29
20240720,2024-07-20,20,Saturday,7,July,3,2024,29
20240721,2024-07-21,21,Sunday,7,July,3,2024,29
20240722,2024-07-22,22,Monday,7,July,3,2024,30
20240723,2024-07-23,23,Tuesday,7,July,3,2024,30
20240724,2024-07-24,24,Wednesday,7,July,3,2024,30
20240725,2024-07-25,25,Thursday,7,July,3,2024,30
20240726,2024-07-26,26,Friday,7,July,3,2024,30
20240727,2024-07-27,27,Saturday,7,July,3,2024,30
20240728,2024-07-28,28,Sunday,7,July,3,2024,30
20240729,2024-07-29,29,Monday,7,July,3,2024,31
20240730,2024-07-30,30,Tuesday,7,July,3,2024,31
20240731,2024-07-31,31,Wednesday,7,July,3,2024,31
20240801,2024-08-01,1,Thursday,8,August,3,2024,31
20240802,2024-08-02,2,Friday,8,August,3,2024,31
20240803,2024-08-03,3,Saturday,8,August,3,2024,31
20240804,2024-08-04,4,Sunday,8,August,3,2024,31
20240805,2024-08-05,5,Monday,8,August,3,2024,32
20240806,2024-08-06,6,Tuesday,8,August,3,2024,32
20240807,2024-08-07,7,Wednesday,8,August,3,2024,32
20240808,2024-08-08,8,Thursday,8,August,3,2024,32
20240809,2024-08-09,9,Friday,8,August,3,2024,32
20240810,2024-08-10,10,Saturday,8,August,3,2024,32
20240811,2024-08-11,11,Sunday,8,August,3,2024,32
20240812,2024-08-12,12,Monday,8,August,3,2024,33
20240813,2024-08-13,13,Tuesday,8,August,3,2024,33
20240814,2024-08-14,14,Wednesday,8,August,3,2024,33
20240815,2024-08-15,15,Thursday,8,August,3,2024,33
20240816,2024-08-16,16,Friday,8,August,3,2024,33
20240817,2024-08-17,17,Saturday,8,August,3,2024,33
20240818,2024-08-18,18,Sunday,8,August,3,2024,33
20240819,2024-08-19,19,Monday,8,August,3,2024,34
20240820,2024-08-20,20,Tuesday,8,August,3,2024,34
20240821,2024-08-21,21,Wednesday,8,August,3,2024,34
20240822,2024-08-22,22,Thursday,8,August,3,2024,34
20240823,2024-08-23,23,Friday,8,August,3,2024,34
20240824,2024-08-24,24,Saturday,8,August,3,2024,34
20240825,2024-08-25,25,Sunday,8,August,3,2024,34
20240826,2024-08-26,26,Monday,8,August,3,2024,35
20240827,2024-08-27,27,Tuesday,8,August,3,2024,35
20240828,2024-08-28,28,Wednesday,8,August,3,2024,35
20240829,2024-08-29,29,Thursday,8,August,3,2024,35
20240830,2024-08-30,30,Friday,8,August,3,2024,35
20240831,2024-08-31,31,Saturday,8,August,3,2024,35
20240901,2024-09-01,1,Sunday,9,September,3,2024,35
20240902,2024-09-02,2,Monday,9,September,3,2024,36
20240903,2024-09-03,3,Tuesday,9,September,3,2024,36
20240904,2024-09-04,4,Wednesday,9,September,3,2024,36
20240905,2024-09-05,5,Thursday,9,September,3,2024,36
20240906,2024-09-06,6,Friday,9,September,3,2024,36
20240907,2024-09-07,7,Saturday,9,September,3,2024,36
20240908,2024-09-08,8,Sunday,9,September,3,2024,36
20240909,2024-09-09,9,Monday,9,September,3,2024,37
20240910,2024-09-10,10,Tuesday,9,September,3,2024,37
20240911,2024-09-11,11,Wednesday,9,September,3,2024,37
20240912,2024-09-12,12,Thursday,9,September,3,2024,37
20240913,2024-09-13,13,Friday,9,September,3,2024,37
20240914,2024-09-14,14,Saturday,9,September,3,2024,37
20240915,2024-09-15,15,Sunday,9,September,3,2024,37
20240916,2024-09-16,16,Monday,9,September,3,2024,38
20240917,2024-09-17,17,Tuesday,9,September,3,2024,38
20240918,2024-09-18,18,Wednesday,9,September,3,2024,38
20240919,2024-09-19,19,Thursday,9,September,3,2024,38
20240920,2024-09-20,20,Friday,9,September,3,2024,38
20240921,2024-09-21,21,Saturday,9,September,3,2024,38
20240922,2024-09-22,22,Sunday,9,September,3,2024,38
20240923,2024-09-23,23,Monday,9,September,3,2024,39
20240924,2024-09-24,24,Tuesday,9,September,3,2024,39
20240925,2024-09-25,25,Wednesday,9,September,3,2024,39
20240926,2024-09-26,26,Thursday,9,September,3,2024,39
20240927,2024-09-27,27,Friday,9,September,3,2024,39
20240928,2024-09-28,28,Saturday,9,September,3,2024,39
20240929,2024-09-29,29,Sunday,9,September,3,2024,39
20240930,2024-09-30,30,Monday,9,September,3,2024,40
20241001,2024-10-01,1,Tuesday,10,October,4,2024,40
20241002,2024-10-02,2,Wednesday,10,October,4,2024,40
20241003,2024-10-03,3,Thursday,10,October,4,2024,40
20241004,2024-10-04,4,Friday,10,October,4,2024,40
20241005,2024-10-05,5,Saturday,10,October,4,2024,40
20241006,2024-10-06,6,Sunday,10,October,4,2024,40
20241007,2024-10-07,7,Monday,10,October,4,2024,41
20241008,2024-10-08,8,Tuesday,10,October,4,2024,41
20241009,2024-10-09,9,Wednesday,10,October,4,2024,41
20241010,2024-10-10,10,Thursday,10,October,4,2024,41
20241011,2024-10-11,11,Friday,10,October,4,2024,41
20241012,2024-10-12,12,Saturday,10,October,4,2024,41
20241013,2024-10-13,13,Sunday,10,October,4,2024,41
20241014,2024-10-14,14,Monday,10,October,4,2024,42
20241015,2024-10-15,15,Tuesday,10,October,4,2024,42
20241016,2024-10-16,16,Wednesday,10,October,4,2024,42
20241017,2024-10-17,17,Thursday,10,October,4,2024,42
20241018,2024-10-18,18,Friday,10,October,4,2024,42
20241019,2024-10-19,19,Saturday,10,October,4,2024,42
20241020,2024-10-20,20,Sunday,10,October,4,2024,42
20241021,2024-10-21,21,Monday,10,October,4,2024,43
20241022,2024-10-22,22,Tuesday,10,October,4,2024,43
20241023,2024-10-23,23,Wednesday,10,October,4,2024,43
20241024,2024-10-24,24,Thursday,10,October,4,2024,43
20241025,2024-10-25,25,Friday,10,October,4,2024,43
20241026,2024-10-26,26,Saturday,10,October,4,2024,43
20241027,2024-10-27,27,Sunday,10,October,4,2024,43
20241028,2024-10-28,28,Monday,10,October,4,2024,44
20241029,2024-10-29,29,Tuesday,10,October,4,2024,44
20241030,2024-10-30,30,Wednesday,10,October,4,2024,44
20241031,2024-10-31,31,Thursday,10,October,4,2024,44
20241101,2024-11-01,1,Friday,11,November,4,2024,44
20241102,2024-11-02,2,Saturday,11,November,4,2024,44
20241103,2024-11-03,3,Sunday,11,November,4,2024,44
20241104,2024-11-04,4,Monday,11,November,4,2024,45
20241105,2024-11-05,5,Tuesday,11,November,4,2024,45
20241106,2024-11-06,6,Wednesday,11,November,4,2024,45
20241107,2024-11-07,7,Thursday,11,November,4,2024,45
20241108,2024-11-08,8,Friday,11,November,4,2024,45
20241109,2024-11-09,9,Saturday,11,November,4,2024,45
20241110,2024-11-10,10,Sunday,11,November,4,2024,45
20241111,2024-11-11,11,Monday,11,November,4,2024,46
20241112,2024-11-12,12,Tuesday,11,November,4,2024,46
20241113,2024-11-13,13,Wednesday,11,November,4,2024,46
20241114,2024-11-14,14,Thursday,11,November,4,2024,46
20241115,2024-11-15,15,Friday,11,November,4,2024,46
20241116,2024-11-16,16,Saturday,11,November,4,2024,46
20241117,2024-11-17,17,Sunday,11,November,4,2024,46
20241118,2024-11-18,18,Monday,11,November,4,2024,47
20241119,2024-11-19,19,Tuesday,11,November,4,2024,47
20241120,2024-11-20,20,Wednesday,11,November,4,2024,47
20241121,2024-11-21,21,Thursday,11,November,4,2024,47
20241122,2024-11-22,22,Friday,11,November,4,2024,47
20241123,2024-11-23,23,Saturday,11,November,4,2024,47
20241124,2024-11-24,24,Sunday,11,November,4,2024,47
20241125,2024-11-25,25,Monday,11,November,4,2024,48
20241126,2024-11-26,26,Tuesday,11,November,4,2024,48
20241127,2024-11-27,27,Wednesday,11,November,4,2024,48
20241128,2024-11-28,28,Thursday,11,November,4,2024,48
20241129,2024-11-29,29,Friday,11,November,4,2024,48
20241130,2024-11-30,30,Saturday,11,November,4,2024,48
20241201,2024-12-01,1,Sunday,12,December,4,2024,48
20241202,2024-12-02,2,Monday,12,December,4,2024,49
20241203,2024-12-03,3,Tuesday,12,December,4,2024,49
20241204,2024-12-04,4,Wednesday,12,December,4,2024,49
20241205,2024-12-05,5,Thursday,12,December,4,2024,49
20241206,2024-12-06,6,Friday,12,December,4,2024,49
20241207,2024-12-07,7,Saturday,12,December,4,2024,49
20241208,2024-12-08,8,Sunday,12,December,4,2024,49
20241209,2024-12-09,9,Monday,12,December,4,2024,50
20241210,2024-12-10,10,Tuesday,12,December,4,2024,50
20241211,2024-12-11,11,Wednesday,12,December,4,2024,50
20241212,2024-12-12,12,Thursday,12,December,4,2024,50
20241213,2024-12-13,13,Friday,12,December,4,2024,50
20241214,2024-12-14,14,Saturday,12,December,4,2024,50
20241215,2024-12-15,15,Sunday,12,December,4,2024,50
20241216,2024-12-16,16,Monday,12,December,4,2024,51
20241217,2024-12-17,17,Tuesday,12,December,4,2024,51
20241218,2024-12-18,18,Wednesday,12,December,4,2024,51
20241219,2024-12-19,19,Thursday,12,December,4,2024,51
20241220,2024-12-20,20,Friday,12,December,4,2024,51
20241221,2024-12-21,21,Saturday,12,December,4,2024,51
20241222,2024-12-22,22,Sunday,12,December,4,2024,51
20241223,2024-12-23,23,Monday,12,December,4,2024,52
20241224,2024-12-24,24,Tuesday,12,December,4,2024,52
20241225,2024-12-25,25,Wednesday,12,December,4,2024,52
20241226,2024-12-26,26,Thursday,12,December,4,2024,52
20241227,2024-12-27,27,Friday,12,December,4,2024,52
20241228,2024-12-28,28,Saturday,12,December,4,2024,52
20241229,2024-12-29,29,Sunday,12,December,4,2024,52
20241230,2024-12-30,30,Monday,12,December,4,2024,1
20241231,2024-12-31,31,Tuesday,12,December,4,2024,1
20250101,2025-01-01,1,Wednesday,1,January,1,2025,1
20250102,2025-01-02,2,Thursday,1,January,1,2025,1
20250103,2025-01-03,3,Friday,1,January,1,2025,1
20250104,2025-01-04,4,Saturday,1,January,1,2025,1
20250105,2025-01-05,5,Sunday,1,January,1,2025,1
20250106,2025-01-06,6,Monday,1,January,1,2025,2
20250107,2025-01-07,7,Tuesday,1,January,1,2025,2
20250108,2025-01-08,8,Wednesday,1,January,1,2025,2
20250109,2025-01-09,9,Thursday,1,January,1,2025,2
20250110,2025-01-10,10,Friday,1,January,1,2025,2
20250111,2025-01-11,11,Saturday,1,January,1,2025,2
20250112,2025-01-12,12,Sunday,1,January,1,2025,2
20250113,2025-01-13,13,Monday,1,January,1,2025,3
20250114,2025-01-14,14,Tuesday,1,January,1,2025,3
20250115,2025-01-15,15,Wednesday,1,January,1,2025,3
20250116,2025-01-16,16,Thursday,1,January,1,2025,3
20250117,2025-01-17,17,Friday,1,January,1,2025,3
20250118,2025-01-18,18,Saturday,1,January,1,2025,3
20250119,2025-01-19,19,Sunday,1,January,1,2025,3
20250120,2025-01-20,20,Monday,1,January,1,2025,4
20250121,2025-01-21,21,Tuesday,1,January,1,2025,4
20250122,2025-01-22,22,Wednesday,1,January,1,2025,4
20250123,2025-01-23,23,Thursday,1,January,1,2025,4
20250124,2025-01-24,24,Friday,1,January,1,2025,4
20250125,2025-01-25,25,Saturday,1,January,1,2025,4
20250126,2025-01-26,26,Sunday,1,January,1,2025,4
20250127,2025-01-27,27,Monday,1,January,1,2025,5
20250128,2025-01-28,28,Tuesday,1,January,1,2025,5
20250129,2025-01-29,29,Wednesday,1,January,1,2025,5
20250130,2025-01-30,30,Thursday,1,January,1,2025,5
20250131,2025-01-31,31,Friday,1,January,1,2025,5
20250201,2025-02-01,1,Saturday,2,February,1,2025,5
20250202,2025-02-02,2,Sunday,2,February,1,2025,5
20250203,2025-02-03,3,Monday,2,February,1,2025,6
20250204,2025-02-04,4,Tuesday,2,February,1,2025,6
20250205,2025-02-05,5,Wednesday,2,February,1,2025,6
20250206,2025-02-06,6,Thursday,2,February,1,2025,6
20250207,2025-02-07,7,Friday,2,February,1,2025,6
20250208,2025-02-08,8,Saturday,2,February,1,2025,6
20250209,2025-02-09,9,Sunday,2,February,1,2025,6
20250210,2025-02-10,10,Monday,2,February,1,2025,7
20250211,2025-02-11,11,Tuesday,2,February,1,2025,7
20250212,2025-02-12,12,Wednesday,2,February,1,2025,7
20250213,2025-02-13,13,Thursday,2,February,1,2025,7
20250214,2025-02-14,14,Friday,2,February,1,2025,7
20250215,2025-02-15,15,Saturday,2,February,1,2025,7
20250216,2025-02-16,16,Sunday,2,February,1,2025,7
20250217,2025-02-17,17,Monday,2,February,1,2025,8
20250218,2025-02-18,18,Tuesday,2,February,1,2025,8
20250219,2025-02-19,19,Wednesday,2,February,1,2025,8
20250220,2025-02-20,20,Thursday,2,February,1,2025,8
20250221,2025-02-21,21,Friday,2,February,1,2025,8
20250222,2025-02-22,22,Saturday,2,February,1,2025,8
20250223,2025-02-23,23,Sunday,2,February,1,2025,8
20250224,2025-02-24,24,Monday,2,February,1,2025,9
20250225,2025-02-25,25,Tuesday,2,February,1,2025,9
20250226,2025-02-26,26,Wednesday,2,February,1,2025,9
20250227,2025-02-27,27,Thursday,2,February,1,2025,9
20250228,2025-02-28,28,Friday,2,February,1,2025,9
20250301,2025-03-01,1,Saturday,3,March,1,2025,9
20250302,2025-03-02,2,Sunday,3,March,1,2025,9
20250303,2025-03-03,3,Monday,3,March,1,2025,10
20250304,2025-03-04,4,Tuesday,3,March,1,2025,10
20250305,2025-03-05,5,Wednesday,3,March,1,2025,10
20250306,2025-03-06,6,Thursday,3,March,1,2025,10
20250307,2025-03-07,7,Friday,3,March,1,2025,10
20250308,2025-03-08,8,Saturday,3,March,1,2025,10
20250309,2025-03-09,9,Sunday,3,March,1,2025,10
20250310,2025-03-10,10,Monday,3,March,1,2025,11
20250311,2025-03-11,11,Tuesday,3,March,1,2025,11
20250312,2025-03-12,12,Wednesday,3,March,1,2025,11
20250313,2025-03-13,13,Thursday,3,March,1,2025,11
20250314,2025-03-14,14,Friday,3,March,1,2025,11
20250315,2025-03-15,15,Saturday,3,March,1,2025,11
20250316,2025-03-16,16,Sunday,3,March,1,2025,11
20250317,2025-03-17,17,Monday,3,March,1,2025,12
20250318,2025-03-18,18,Tuesday,3,March,1,2025,12
20250319,2025-03-19,19,Wednesday,3,March,1,2025,12
20250320,2025-03-20,20,Thursday,3,March,1,2025,12
20250321,2025-03-21,21,Friday,3,March,1,2025,12
20250322,2025-03-22,22,Saturday,3,March,1,2025,12
20250323,2025-03-23,23,Sunday,3,March,1,2025,12
20250324,2025-03-24,24,Monday,3,March,1,2025,13
20250325,2025-03-25,25,Tuesday,3,March,1,2025,13
20250326,2025-03-26,26,Wednesday,3,March,1,2025,13
20250327,2025-03-27,27,Thursday,3,March,1,2025,13
20250328,2025-03-28,28,Friday,3,March,1,2025,13
20250329,2025-03-29,29,Saturday,3,March,1,2025,13
20250330,2025-03-30,30,Sunday,3,March,1,2025,13
20250331,2025-03-31,31,Monday,3,March,1,2025,14
20250401,2025-04-01,1,Tuesday,4,April,2,2025,14
20250402,2025-04-02,2,Wednesday,4,April,2,2025,14
20250403,2025-04-03,3,Thursday,4,April,2,2025,14
20250404,2025-04-04,4,Friday,4,April,2,2025,14
20250405,2025-04-05,5,Saturday,4,April,2,2025,14
20250406,2025-04-06,6,Sunday,4,April,2,2025,14
20250407,2025-04-07,7,Monday,4,April,2,2025,15
20250408,2025-04-08,8,Tuesday,4,April,2,2025,15
20250409,2025-04-09,9,Wednesday,4,April,2,2025,15
20250410,2025-04-10,10,Thursday,4,April,2,2025,15
20250411,2025-04-11,11,Friday,4,April,2,2025,15
20250412,2025-04-12,12,Saturday,4,April,2,2025,15
20250413,2025-04-13,13,Sunday,4,April,2,2025,15
20250414,2025-04-14,14,Monday,4,April,2,2025,16
20250415,2025-04-15,15,Tuesday,4,April,2,2025,16
20250416,2025-04-16,16,Wednesday,4,April,2,2025,16
20250417,2025-04-17,17,Thursday,4,April,2,2025,16
20250418,2025-04-18,18,Friday,4,April,2,2025,16
20250419,2025-04-19,19,Saturday,4,April,2,2025,16
20250420,2025-04-20,20,Sunday,4,April,2,2025,16
20250421,2025-04-21,21,Monday,4,April,2,2025,17
20250422,2025-04-22,22,Tuesday,4,April,2,2025,17
20250423,2025-04-23,23,Wednesday,4,April,2,2025,17
20250424,2025-04-24,24,Thursday,4,April,2,2025,17
20250425,2025-04-25,25,Friday,4,April,2,2025,17
20250426,2025-04-26,26,Saturday,4,April,2,2025,17
20250427,2025-04-27,27,Sunday,4,April,2,2025,17
20250428,2025-04-28,28,Monday,4,April,2,2025,18
20250429,2025-04-29,29,Tuesday,4,April,2,2025,18
20250430,2025-04-30,30,Wednesday,4,April,2,2025,18
20250501,2025-05-01,1,Thursday,5,May,2,2025,18
20250502,2025-05-02,2,Friday,5,May,2,2025,18
20250503,2025-05-03,3,Saturday,5,May,2,2025,18
20250504,2025-05-04,4,Sunday,5,May,2,2025,18
20250505,2025-05-05,5,Monday,5,May,2,2025,19
20250506,2025-05-06,6,Tuesday,5,May,2,2025,19
20250507,2025-05-07,7,Wednesday,5,May,2,2025,19
20250508,2025-05-08,8,Thursday,5,May,2,2025,19
20250509,2025-05-09,9,Friday,5,May,2,2025,19
20250510,2025-05-10,10,Saturday,5,May,2,2025,19
20250511,2025-05-11,11,Sunday,5,May,2,2025,19
20250512,2025-05-12,12,Monday,5,May,2,2025,20
20250513,2025-05-13,13,Tuesday,5,May,2,2025,20
20250514,2025-05-14,14,Wednesday,5,May,2,2025,20
20250515,2025-05-15,15,Thursday,5,May,2,2025,20
20250516,2025-05-16,16,Friday,5,May,2,2025,20
20250517,2025-05-17,17,Saturday,5,May,2,2025,20
20250518,2025-05-18,18,Sunday,5,May,2,2025,20
20250519,2025-05-19,19,Monday,5,May,2,2025,21
20250520,2025-05-20,20,Tuesday,5,May,2,2025,21
20250521,2025-05-21,21,Wednesday,5,May,2,2025,21
20250522,2025-05-22,22,Thursday,5,May,2,2025,21
20250523,2025-05-23,23,Friday,5,May,2,2025,21
20250524,2025-05-24,24,Saturday,5,May,2,2025,21
20250525,2025-05-25,25,Sunday,5,May,2,2025,21
20250526,2025-05-26,26,Monday,5,May,2,2025,22
20250527,2025-05-27,27,Tuesday,5,May,2,2025,22
20250528,2025-05-28,28,Wednesday,5,May,2,2025,22
20250529,2025-05-29,29,Thursday,5,May,2,2025,22
20250530,2025-05-30,30,Friday,5,May,2,2025,22
20250531,2025-05-31,31,Saturday,5,May,2,2025,22
20250601,2025-06-01,1,Sunday,6,June,2,2025,22
20250602,2025-06-02,2,Monday,6,June,2,2025,23
20250603,2025-06-03,3,Tuesday,6,June,2,2025,23
20250604,2025-06-04,4,Wednesday,6,June,2,2025,23
20250605,2025-06-05,5,Thursday,6,June,2,2025,23
20250606,2025-06-06,6,Friday,6,June,2,2025,23
20250607,2025-06-07,7,Saturday,6,June,2,2025,23
20250608,2025-06-08,8,Sunday,6,June,2,2025,23
20250609,2025-06-09,9,Monday,6,June,2,2025,24
20250610,2025-06-10,10,Tuesday,6,June,2,2025,24
20250611,2025-06-11,11,Wednesday,6,June,2,2025,24
20250612,2025-06-12,12,Thursday,6,June,2,2025,24
20250613,2025-06-13,13,Friday,6,June,2,2025,24
20250614,2025-06-14,14,Saturday,6,June,2,2025,24
20250615,2025-06-15,15,Sunday,6,June,2,2025,24
20250616,2025-06-16,16,Monday,6,June,2,2025,25
20250617,2025-06-17,17,Tuesday,6,June,2,2025,25
20250618,2025-06-18,18,Wednesday,6,June,2,2025,25
20250619,2025-06-19,19,Thursday,6,June,2,2025,25
20250620,2025-06-20,20,Friday,6,June,2,2025,25
20250621,2025-06-21,21,Saturday,6,June,2,2025,25
20250622,2025-06-22,22,Sunday,6,June,2,2025,25
20250623,2025-06-23,23,Monday,6,June,2,2025,26
20250624,2025-06-24,24,Tuesday,6,June,2,2025,26
20250625,2025-06-25,25,Wednesday,6,June,2,2025,26
20250626,2025-06-26,26,Thursday,6,June,2,2025,26
20250627,2025-06-27,27,Friday,6,June,2,2025,26
20250628,2025-06-28,28,Saturday,6,June,2,2025,26
20250629,2025-06-29,29,Sunday,6,June,2,2025,26
20250630,2025-06-30,30,Monday,6,June,2,2025,27
20250701,2025-07-01,1,Tuesday,7,July,3,2025,27
20250702,2025-07-02,2,Wednesday,7,July,3,2025,27
20250703,2025-07-03,3,Thursday,7,July,3,2025,27
20250704,2025-07-04,4,Friday,7,July,3,2025,27
20250705,2025-07-05,5,Saturday,7,July,3,2025,27
20250706,2025-07-06,6,Sunday,7,July,3,2025,27
20250707,2025-07-07,7,Monday,7,July,3,2025,28
20250708,2025-07-08,8,Tuesday,7,July,3,2025,28
20250709,2025-07-09,9,Wednesday,7,July,3,2025,28
20250710,2025-07-10,10,Thursday,7,July,3,2025,28
20250711,2025-07-11,11,Friday,7,July,3,2025,28
20250712,2025-07-12,12,Saturday,7,July,3,2025,28
20250713,2025-07-13,13,Sunday,7,July,3,2025,28
20250714,2025-07-14,14,Monday,7,July,3,2025,29
20250715,2025-07-15,15,Tuesday,7,July,3,2025,29
20250716,2025-07-16,16,Wednesday,7,July,3,2025,29
20250717,2025-07-17,17,Thursday,7,July,3,2025,29
20250718,2025-07-18,18,Friday,7,July,3,2025,29
20250719,2025-07-19,19,Saturday,7,July,3,2025,29
20250720,2025-07-20,20,Sunday,7,July,3,2025,29
20250721,2025-07-21,21,Monday,7,July,3,2025,30
20250722,2025-07-22,22,Tuesday,7,July,3,2025,30
20250723,2025-07-23,23,Wednesday,7,July,3,2025,30
20250724,2025-07-24,24,Thursday,7,July,3,2025,30
20250725,2025-07-25,25,Friday,7,July,3,2025,30
20250726,2025-07-26,26,Saturday,7,July,3,2025,30
20250727,2025-07-27,27,Sunday,7,July,3,2025,30
20250728,2025-07-28,28,Monday,7,July,3,2025,31
20250729,2025-07-29,29,Tuesday,7,July,3,2025,31
20250730,2025-07-30,30,Wednesday,7,July,3,2025,31
20250731,2025-07-31,31,Thursday,7,July,3,2025,31
20250801,2025-08-01,1,Friday,8,August,3,2025,31
20250802,2025-08-02,2,Saturday,8,August,3,2025,31
20250803,2025-08-03,3,Sunday,8,August,3,2025,31
20250804,2025-08-04,4,Monday,8,August,3,2025,32
20250805,2025-08-05,5,Tuesday,8,August,3,2025,32
20250806,2025-08-06,6,Wednesday,8,August,3,2025,32
20250807,2025-08-07,7,Thursday,8,August,3,2025,32
20250808,2025-08-08,8,Friday,8,August,3,2025,32
20250809,2025-08-09,9,Saturday,8,August,3,2025,32
20250810,2025-08-10,10,Sunday,8,August,3,2025,32
20250811,2025-08-11,11,Monday,8,August,3,2025,33
20250812,2025-08-12,12,Tuesday,8,August,3,2025,33
20250813,2025-08-13,13,Wednesday,8,August,3,2025,33
20250814,2025-08-14,14,Thursday,8,August,3,2025,33
20250815,2025-08-15,15,Friday,8,August,3,2025,33
20250816,2025-08-16,16,Saturday,8,August,3,2025,33
20250817,2025-08-17,17,Sunday,8,August,3,2025,33
20250818,2025-08-18,18,Monday,8,August,3,2025,34
20250819,2025-08-19,19,Tuesday,8,August,3,2025,34
20250820,2025-08-20,20,Wednesday,8,August,3,2025,34
20250821,2025-08-21,21,Thursday,8,August,3,2025,34
20250822,2025-08-22,22,Friday,8,August,3,2025,34
20250823,2025-08-23,23,Saturday,8,August,3,2025,34
20250824,2025-08-24,24,Sunday,8,August,3,2025,34
20250825,2025-08-25,25,Monday,8,August,3,2025,35
20250826,2025-08-26,26,Tuesday,8,August,3,2025,35
20250827,2025-08-27,27,Wednesday,8,August,3,2025,35
20250828,2025-08-28,28,Thursday,8,August,3,2025,35
20250829,2025-08-29,29,Friday,8,August,3,2025,35
20250830,2025-08-30,30,Saturday,8,August,3,2025,35
20250831,2025-08-31,31,Sunday,8,August,3,2025,35
20250901,2025-09-01,1,Monday,9,September,3,2025,36
20250902,2025-09-02,2,Tuesday,9,September,3,2025,36
20250903,2025-09-03,3,Wednesday,9,September,3,2025,36
20250904,2025-09-04,4,Thursday,9,September,3,2025,36
20250905,2025-09-05,5,Friday,9,September,3,2025,36
20250906,2025-09-06,6,Saturday,9,September,3,2025,36
20250907,2025-09-07,7,Sunday,9,September,3,2025,36
20250908,2025-09-08,8,Monday,9,September,3,2025,37
20250909,2025-09-09,9,Tuesday,9,September,3,2025,37
20250910,2025-09-10,10,Wednesday,9,September,3,2025,37
20250911,2025-09-11,11,Thursday,9,September,3,2025,37
20250912,2025-09-12,12,Friday,9,September,3,2025,37
20250913,2025-09-13,13,Saturday,9,September,3,2025,37
20250914,2025-09-14,14,Sunday,9,September,3,2025,37
20250915,2025-09-15,15,Monday,9,September,3,2025,38
20250916,2025-09-16,16,Tuesday,9,September,3,2025,38
20250917,2025-09-17,17,Wednesday,9,September,3,2025,38
20250918,2025-09-18,18,Thursday,9,September,3,2025,38
20250919,2025-09-19,19,Friday,9,September,3,2025,38
20250920,2025-09-20,20,Saturday,9,September,3,2025,38
20250921,2025-09-21,21,Sunday,9,September,3,2025,38
20250922,2025-09-22,22,Monday,9,September,3,2025,39
20250923,2025-09-23,23,Tuesday,9,September,3,2025,39
20250924,2025-09-24,24,Wednesday,9,September,3,2025,39
20250925,2025-09-25,25,Thursday,9,September,3,2025,39
20250926,2025-09-26,26,Friday,9,September,3,2025,39
20250927,2025-09-27,27,Saturday,9,September,3,2025,39
20250928,2025-09-28,28,Sunday,9,September,3,2025,39
20250929,2025-09-29,29,Monday,9,September,3,2025,40
20250930,2025-09-30,30,Tuesday,9,September,3,2025,40
20251001,2025-10-01,1,Wednesday,10,October,4,2025,40
20251002,2025-10-02,2,Thursday,10,October,4,2025,40
20251003,2025-10-03,3,Friday,10,October,4,2025,40
20251004,2025-10-04,4,Saturday,10,October,4,2025,40
20251005,2025-10-05,5,Sunday,10,October,4,2025,40
20251006,2025-10-06,6,Monday,10,October,4,2025,41
20251007,2025-10-07,7,Tuesday,10,October,4,2025,41
20251008,2025-10-08,8,Wednesday,10,October,4,2025,41
20251009,2025-10-09,9,Thursday,10,October,4,2025,41
20251010,2025-10-10,10,Friday,10,October,4,2025,41
20251011,2025-10-11,11,Saturday,10,October,4,2025,41
20251012,2025-10-12,12,Sunday,10,October,4,2025,41
20251013,2025-10-13,13,Monday,10,October,4,2025,42
20251014,2025-10-14,14,Tuesday,10,October,4,2025,42
20251015,2025-10-15,15,Wednesday,10,October,4,2025,42
20251016,2025-10-16,16,Thursday,10,October,4,2025,42
20251017,2025-10-17,17,Friday,10,October,4,2025,42
20251018,2025-10-18,18,Saturday,10,October,4,2025,42
20251019,2025-10-19,19,Sunday,10,October,4,2025,42
20251020,2025-10-20,20,Monday,10,October,4,2025,43
20251021,2025-10-21,21,Tuesday,10,October,4,2025,43
20251022,2025-10-22,22,Wednesday,10,October,4,2025,43
20251023,2025-10-23,23,Thursday,10,October,4,2025,43
20251024,2025-10-24,24,Friday,10,October,4,2025,43
20251025,2025-10-25,25,Saturday,10,October,4,2025,43
20251026,2025-10-26,26,Sunday,10,October,4,2025,43
20251027,2025-10-27,27,Monday,10,October,4,2025,44
20251028,2025-10-28,28,Tuesday,10,October,4,2025,44
20251029,2025-10-29,29,Wednesday,10,October,4,2025,44
20251030,2025-10-30,30,Thursday,10,October,4,2025,44
20251031,2025-10-31,31,Friday,10,October,4,2025,44
20251101,2025-11-01,1,Saturday,11,November,4,2025,44
20251102,2025-11-02,2,Sunday,11,November,4,2025,44
20251103,2025-11-03,3,Monday,11,November,4,2025,45
20251104,2025-11-04,4,Tuesday,11,November,4,2025,45
20251105,2025-11-05,5,Wednesday,11,November,4,2025,45
20251106,2025-11-06,6,Thursday,11,November,4,2025,45
20251107,2025-11-07,7,Friday,11,November,4,2025,45
20251108,2025-11-08,8,Saturday,11,November,4,2025,45
20251109,2025-11-09,9,Sunday,11,November,4,2025,45
20251110,2025-11-10,10,Monday,11,November,4,2025,46
20251111,2025-11-11,11,Tuesday,11,November,4,2025,46
20251112,2025-11-12,12,Wednesday,11,November,4,2025,46
20251113,2025-11-13,13,Thursday,11,November,4,2025,46
20251114,2025-11-14,14,Friday,11,November,4,2025,46
20251115,2025-11-15,15,Saturday,11,November,4,2025,46
20251116,2025-11-16,16,Sunday,11,November,4,2025,46
20251117,2025-11-17,17,Monday,11,November,4,2025,47
20251118,2025-11-18,18,Tuesday,11,November,4,2025,47
20251119,2025-11-19,19,Wednesday,11,November,4,2025,47
20251120,2025-11-20,20,Thursday,11,November,4,2025,47
20251121,2025-11-21,21,Friday,11,November,4,2025,47
20251122,2025-11-22,22,Saturday,11,November,4,2025,47
20251123,2025-11-23,23,Sunday,11,November,4,2025,47
20251124,2025-11-24,24,Monday,11,November,4,2025,48
20251125,2025-11-25,25,Tuesday,11,November,4,2025,48
20251126,2025-11-26,26,Wednesday,11,November,4,2025,48
20251127,2025-11-27,27,Thursday,11,November,4,2025,48
20251128,2025-11-28,28,Friday,11,November,4,2025,48
20251129,2025-11-29,29,Saturday,11,November,4,2025,48
20251130,2025-11-30,30,Sunday,11,November,4,2025,48
20251201,2025-12-01,1,Monday,12,December,4,2025,49
20251202,2025-12-02,2,Tuesday,12,December,4,2025,49
20251203,2025-12-03,3,Wednesday,12,December,4,2025,49
20251204,2025-12-04,4,Thursday,12,December,4,2025,49
20251205,2025-12-05,5,Friday,12,December,4,2025,49
20251206,2025-12-06,6,Saturday,12,December,4,2025,49
20251207,2025-12-07,7,Sunday,12,December,4,2025,49
20251208,2025-12-08,8,Monday,12,December,4,2025,50
20251209,2025-12-09,9,Tuesday,12,December,4,2025,50
20251210,2025-12-10,10,Wednesday,12,December,4,2025,50
20251211,2025-12-11,11,Thursday,12,December,4,2025,50
20251212,2025-12-12,12,Friday,12,December,4,2025,50
20251213,2025-12-13,13,Saturday,12,December,4,2025,50
20251214,2025-12-14,14,Sunday,12,December,4,2025,50
20251215,2025-12-15,15,Monday,12,December,4,2025,51
20251216,2025-12-16,16,Tuesday,12,December,4,2025,51
20251217,2025-12-17,17,Wednesday,12,December,4,2025,51
20251218,2025-12-18,18,Thursday,12,December,4,2025,51
20251219,2025-12-19,19,Friday,12,December,4,2025,51
20251220,2025-12-20,20,Saturday,12,December,4,2025,51
20251221,2025-12-21,21,Sunday,12,December,4,2025,51
20251222,2025-12-22,22,Monday,12,December,4,2025,52
20251223,2025-12-23,23,Tuesday,12,December,4,2025,52
20251224,2025-12-24,24,Wednesday,12,December,4,2025,52
20251225,2025-12-25,25,Thursday,12,December,4,2025,52
20251226,2025-12-26,26,Friday,12,December,4,2025,52
20251227,2025-12-27,27,Saturday,12,December,4,2025,52
20251228,2025-12-28,28,Sunday,12,December,4,2025,52
20251229,2025-12-29,29,Monday,12,December,4,2025,1
20251230,2025-12-30,30,Tuesday,12,December,4,2025,1
20251231,2025-12-31,31,Wednesday,12,December,4,2025,1
20260101,2026-01-01,1,Thursday,1,January,1,2026,1
20260102,2026-01-02,2,Friday,1,January,1,2026,1
20260103,2026-01-03,3,Saturday,1,January,1,2026,1
20260104,2026-01-04,4,Sunday,1,January,1,2026,1
20260105,2026-01-05,5,Monday,1,January,1,2026,2
20260106,2026-01-06,6,Tuesday,1,January,1,2026,2
20260107,2026-01-07,7,Wednesday,1,January,1,2026,2
20260108,2026-01-08,8,Thursday,1,January,1,2026,2
20260109,2026-01-09,9,Friday,1,January,1,2026,2
20260110,2026-01-10,10,Saturday,1,January,1,2026,2
20260111,2026-01-11,11,Sunday,1,January,1,2026,2
20260112,2026-01-12,12,Monday,1,January,1,2026,3
20260113,2026-01-13,13,Tuesday,1,January,1,2026,3
20260114,2026-01-14,14,Wednesday,1,January,1,2026,3
20260115,2026-01-15,15,Thursday,1,January,1,2026,3
20260116,2026-01-16,16,Friday,1,January,1,2026,3
20260117,2026-01-17,17,Saturday,1,January,1,2026,3
20260118,2026-01-18,18,Sunday,1,January,1,2026,3
20260119,2026-01-19,19,Monday,1,January,1,2026,4
20260120,2026-01-20,20,Tuesday,1,January,1,2026,4
20260121,2026-01-21,21,Wednesday,1,January,1,2026,4
20260122,2026-01-22,22,Thursday,1,January,1,2026,4
20260123,2026-01-23,23,Friday,1,January,1,2026,4
20260124,2026-01-24,24,Saturday,1,January,1,2026,4
20260125,2026-01-25,25,Sunday,1,January,1,2026,4
20260126,2026-01-26,26,Monday,1,January,1,2026,5
20260127,2026-01-27,27,Tuesday,1,January,1,2026,5
20260128,2026-01-28,28,Wednesday,1,January,1,2026,5
20260129,2026-01-29,29,Thursday,1,January,1,2026,5
20260130,2026-01-30,30,Friday,1,January,1,2026,5
20260131,2026-01-31,31,Saturday,1,January,1,2026,5
20260201,2026-02-01,1,Sunday,2,February,1,2026,5
20260202,2026-02-02,2,Monday,2,February,1,2026,6
20260203,2026-02-03,3,Tuesday,2,February,1,2026,6
20260204,2026-02-04,4,Wednesday,2,February,1,2026,6
20260205,2026-02-05,5,Thursday,2,February,1,2026,6
20260206,2026-02-06,6,Friday,2,February,1,2026,6
20260207,2026-02-07,7,Saturday,2,February,1,2026,6
20260208,2026-02-08,8,Sunday,2,February,1,2026,6
20260209,2026-02-09,9,Monday,2,February,1,2026,7
20260210,2026-02-10,10,Tuesday,2,February,1,2026,7
20260211,2026-02-11,11,Wednesday,2,February,1,2026,7
20260212,2026-02-12,12,Thursday,2,February,1,2026,7
20260213,2026-02-13,13,Friday,2,February,1,2026,7
20260214,2026-02-14,14,Saturday,2,February,1,2026,7
20260215,2026-02-15,15,Sunday,2,February,1,2026,7
20260216,2026-02-16,16,Monday,2,February,1,2026,8
20260217,2026-02-17,17,Tuesday,2,February,1,2026,8
20260218,2026-02-18,18,Wednesday,2,February,1,2026,8
20260219,2026-02-19,19,Thursday,2,February,1,2026,8
20260220,2026-02-20,20,Friday,2,February,1,2026,8
20260221,2026-02-21,21,Saturday,2,February,1,2026,8
20260222,2026-02-22,22,Sunday,2,February,1,2026,8
20260223,2026-02-23,23,Monday,2,February,1,2026,9
20260224,2026-02-24,24,Tuesday,2,February,1,2026,9
20260225,2026-02-25,25,Wednesday,2,February,1,2026,9
20260226,2026-02-26,26,Thursday,2,February,1,2026,9
20260227,2026-02-27,27,Friday,2,February,1,2026,9
20260228,2026-02-28,28,Saturday,2,February,1,2026,9
20260301,2026-03-01,1,Sunday,3,March,1,2026,9
20260302,2026-03-02,2,Monday,3,March,1,2026,10
20260303,2026-03-03,3,Tuesday,3,March,1,2026,10
20260304,2026-03-04,4,Wednesday,3,March,1,2026,10
20260305,2026-03-05,5,Thursday,3,March,1,2026,10
20260306,2026-03-06,6,Friday,3,March,1,2026,10
20260307,2026-03-07,7,Saturday,3,March,1,2026,10
20260308,2026-03-08,8,Sunday,3,March,1,2026,10
20260309,2026-03-09,9,Monday,3,March,1,2026,11
20260310,2026-03-10,10,Tuesday,3,March,1,2026,11
20260311,2026-03-11,11,Wednesday,3,March,1,2026,11
20260312,2026-03-12,12,Thursday,3,March,1,2026,11
20260313,2026-03-13,13,Friday,3,March,1,2026,11
20260314,2026-03-14,14,Saturday,3,March,1,2026,11
20260315,2026-03-15,15,Sunday,3,March,1,2026,11
20260316,2026-03-16,16,Monday,3,March,1,2026,12
20260317,2026-03-17,17,Tuesday,3,March,1,2026,12
20260318,2026-03-18,18,Wednesday,3,March,1,2026,12
20260319,2026-03-19,19,Thursday,3,March,1,2026,12
20260320,2026-03-20,20,Friday,3,March,1,2026,12
20260321,2026-03-21,21,Saturday,3,March,1,2026,12
20260322,2026-03-22,22,Sunday,3,March,1,2026,12
20260323,2026-03-23,23,Monday,3,March,1,2026,13
20260324,2026-03-24,24,Tuesday,3,March,1,2026,13
20260325,2026-03-25,25,Wednesday,3,March,1,2026,13
20260326,2026-03-26,26,Thursday,3,March,1,2026,13
20260327,2026-03-27,27,Friday,3,March,1,2026,13
20260328,2026-03-28,28,Saturday,3,March,1,2026,13
20260329,2026-03-29,29,Sunday,3,March,1,2026,13
20260330,2026-03-30,30,Monday,3,March,1,2026,14
20260331,2026-03-31,31,Tuesday,3,March,1,2026,14
20260401,2026-04-01,1,Wednesday,4,April,2,2026,14
20260402,2026-04-02,2,Thursday,4,April,2,2026,14
20260403,2026-04-03,3,Friday,4,April,2,2026,14
20260404,2026-04-04,4,Saturday,4,April,2,2026,14
20260405,2026-04-05,5,Sunday,4,April,2,2026,14
20260406,2026-04-06,6,Monday,4,April,2,2026,15
20260407,2026-04-07,7,Tuesday,4,April,2,2026,15
20260408,2026-04-08,8,Wednesday,4,April,2,2026,15
20260409,2026-04-09,9,Thursday,4,April,2,2026,15
20260410,2026-04-10,10,Friday,4,April,2,2026,15
20260411,2026-04-11,11,Saturday,4,April,2,2026,15
20260412,2026-04-12,12,Sunday,4,April,2,2026,15
20260413,2026-04-13,13,Monday,4,April,2,2026,16
20260414,2026-04-14,14,Tuesday,4,April,2,2026,16
20260415,2026-04-15,15,Wednesday,4,April,2,2026,16
20260416,2026-04-16,16,Thursday,4,April,2,2026,16
20260417,2026-04-17,17,Friday,4,April,2,2026,16
20260418,2026-04-18,18,Saturday,4,April,2,2026,16
20260419,2026-04-19,19,Sunday,4,April,2,2026,16
20260420,2026-04-20,20,Monday,4,April,2,2026,17
20260421,2026-04-21,21,Tuesday,4,April,2,2026,17
20260422,2026-04-22,22,Wednesday,4,April,2,2026,17
20260423,2026-04-23,23,Thursday,4,April,2,2026,17
20260424,2026-04-24,24,Friday,4,April,2,2026,17
20260425,2026-04-25,25,Saturday,4,April,2,2026,17
20260426,2026-04-26,26,Sunday,4,April,2,2026,17
20260427,2026-04-27,27,Monday,4,April,2,2026,18
20260428,2026-04-28,28,Tuesday,4,April,2,2026,18
20260429,2026-04-29,29,Wednesday,4,April,2,2026,18
20260430,2026-04-30,30,Thursday,4,April,2,2026,18
20260501,2026-05-01,1,Friday,5,May,2,2026,18
20260502,2026-05-02,2,Saturday,5,May,2,2026,18
20260503,2026-05-03,3,Sunday,5,May,2,2026,18
20260504,2026-05-04,4,Monday,5,May,2,2026,19
20260505,2026-05-05,5,Tuesday,5,May,2,2026,19
20260506,2026-05-06,6,Wednesday,5,May,2,2026,19
20260507,2026-05-07,7,Thursday,5,May,2,2026,19
20260508,2026-05-08,8,Friday,5,May,2,2026,19
20260509,2026-05-09,9,Saturday,5,May,2,2026,19
20260510,2026-05-10,10,Sunday,5,May,2,2026,19
20260511,2026-05-11,11,Monday,5,May,2,2026,20
20260512,2026-05-12,12,Tuesday,5,May,2,2026,20
20260513,2026-05-13,13,Wednesday,5,May,2,2026,20
20260514,2026-05-14,14,Thursday,5,May,2,2026,20
20260515,2026-05-15,15,Friday,5,May,2,2026,20
20260516,2026-05-16,16,Saturday,5,May,2,2026,20
20260517,2026-05-17,17,Sunday,5,May,2,2026,20
20260518,2026-05-18,18,Monday,5,May,2,2026,21
20260519,2026-05-19,19,Tuesday,5,May,2,2026,21
20260520,2026-05-20,20,Wednesday,5,May,2,2026,21
20260521,2026-05-21,21,Thursday,5,May,2,2026,21
20260522,2026-05-22,22,Friday,5,May,2,2026,21
20260523,2026-05-23,23,Saturday,5,May,2,2026,21
20260524,2026-05-24,24,Sunday,5,May,2,2026,21
20260525,2026-05-25,25,Monday,5,May,2,2026,22
20260526,2026-05-26,26,Tuesday,5,May,2,2026,22
20260527,2026-05-27,27,Wednesday,5,May,2,2026,22
20260528,2026-05-28,28,Thursday,5,May,2,2026,22
20260529,2026-05-29,29,Friday,5,May,2,2026,22
20260530,2026-05-30,30,Saturday,5,May,2,2026,22
20260531,2026-05-31,31,Sunday,5,May,2,2026,22
20260601,2026-06-01,1,Monday,6,June,2,2026,23
20260602,2026-06-02,2,Tuesday,6,June,2,2026,23
20260603,2026-06-03,3,Wednesday,6,June,2,2026,23
20260604,2026-06-04,4,Thursday,6,June,2,2026,23
20260605,2026-06-05,5,Friday,6,June,2,2026,23
20260606,2026-06-06,6,Saturday,6,June,2,2026,23
20260607,2026-06-07,7,Sunday,6,June,2,2026,23
20260608,2026-06-08,8,Monday,6,June,2,2026,24
20260609,2026-06-09,9,Tuesday,6,June,2,2026,24
20260610,2026-06-10,10,Wednesday,6,June,2,2026,24
20260611,2026-06-11,11,Thursday,6,June,2,2026,24
20260612,2026-06-12,12,Friday,6,June,2,2026,24
20260613,2026-06-13,13,Saturday,6,June,2,2026,24
20260614,2026-06-14,14,Sunday,6,June,2,2026,24
20260615,2026-06-15,15,Monday,6,June,2,2026,25
20260616,2026-06-16,16,Tuesday,6,June,2,2026,25
20260617,2026-06-17,17,Wednesday,6,June,2,2026,25
20260618,2026-06-18,18,Thursday,6,June,2,2026,25
20260619,2026-06-19,19,Friday,6,June,2,2026,25
20260620,2026-06-20,20,Saturday,6,June,2,2026,25
20260621,2026-06-21,21,Sunday,6,June,2,2026,25
20260622,2026-06-22,22,Monday,6,June,2,2026,26
20260623,2026-06-23,23,Tuesday,6,June,2,2026,26
20260624,2026-06-24,24,Wednesday,6,June,2,2026,26
20260625,2026-06-25,25,Thursday,6,June,2,2026,26
20260626,2026-06-26,26,Friday,6,June,2,2026,26
20260627,2026-06-27,27,Saturday,6,June,2,2026,26
20260628,2026-06-28,28,Sunday,6,June,2,2026,26
20260629,2026-06-29,29,Monday,6,June,2,2026,27
20260630,2026-06-30,30,Tuesday,6,June,2,2026,27
20260701,2026-07-01,1,Wednesday,7,July,3,2026,27
20260702,2026-07-02,2,Thursday,7,July,3,2026,27
20260703,2026-07-03,3,Friday,7,July,3,2026,27
20260704,2026-07-04,4,Saturday,7,July,3,2026,27
20260705,2026-07-05,5,Sunday,7,July,3,2026,27
20260706,2026-07-06,6,Monday,7,July,3,2026,28
20260707,2026-07-07,7,Tuesday,7,July,3,2026,28
20260708,2026-07-08,8,Wednesday,7,July,3,2026,28
20260709,2026-07-09,9,Thursday,7,July,3,2026,28
20260710,2026-07-10,10,Friday,7,July,3,2026,28
20260711,2026-07-11,11,Saturday,7,July,3,2026,28
20260712,2026-07-12,12,Sunday,7,July,3,2026,28
20260713,2026-07-13,13,Monday,7,July,3,2026,29
20260714,2026-07-14,14,Tuesday,7,July,3,2026,29
20260715,2026-07-15,15,Wednesday,7,July,3,2026,29
20260716,2026-07-16,16,Thursday,7,July,3,2026,29
20260717,2026-07-17,17,Friday,7,July,3,2026,29
20260718,2026-07-18,18,Saturday,7,July,3,2026,29
20260719,2026-07-19,19,Sunday,7,July,3,2026,29
20260720,2026-07-20,20,Monday,7,July,3,2026,30
20260721,2026-07-21,21,Tuesday,7,July,3,2026,30
20260722,2026-07-22,22,Wednesday,7,July,3,2026,30
20260723,2026-07-23,23,Thursday,7,July,3,2026,30
20260724,2026-07-24,24,Friday,7,July,3,2026,30
20260725,2026-07-25,25,Saturday,7,July,3,2026,30
20260726,2026-07-26,26,Sunday,7,July,3,2026,30
20260727,2026-07-27,27,Monday,7,July,3,2026,31
20260728,2026-07-28,28,Tuesday,7,July,3,2026,31
20260729,2026-07-29,29,Wednesday,7,July,3,2026,31
20260730,2026-07-30,30,Thursday,7,July,3,2026,31
20260731,2026-07-31,31,Friday,7,July,3,2026,31
20260801,2026-08-01,1,Saturday,8,August,3,2026,31
20260802,2026-08-02,2,Sunday,8,August,3,2026,31
20260803,2026-08-03,3,Monday,8,August,3,2026,32
20260804,2026-08-04,4,Tuesday,8,August,3,2026,32
20260805,2026-08-05,5,Wednesday,8,August,3,2026,32
20260806,2026-08-06,6,Thursday,8,August,3,2026,32
20260807,2026-08-07,7,Friday,8,August,3,2026,32
20260808,2026-08-08,8,Saturday,8,August,3,2026,32
20260809,2026-08-09,9,Sunday,8,August,3,2026,32
20260810,2026-08-10,10,Monday,8,August,3,2026,33
20260811,2026-08-11,11,Tuesday,8,August,3,2026,33
20260812,2026-08-12,12,Wednesday,8,August,3,2026,33
20260813,2026-08-13,13,Thursday,8,August,3,2026,33
20260814,2026-08-14,14,Friday,8,August,3,2026,33
20260815,2026-08-15,15,Saturday,8,August,3,2026,33
20260816,2026-08-16,16,Sunday,8,August,3,2026,33
20260817,2026-08-17,17,Monday,8,August,3,2026,34
20260818,2026-08-18,18,Tuesday,8,August,3,2026,34
20260819,2026-08-19,19,Wednesday,8,August,3,2026,34
20260820,2026-08-20,20,Thursday,8,August,3,2026,34
20260821,2026-08-21,21,Friday,8,August,3,2026,34
20260822,2026-08-22,22,Saturday,8,August,3,2026,34
20260823,2026-08-23,23,Sunday,8,August,3,2026,34
20260824,2026-08-24,24,Monday,8,August,3,2026,35
20260825,2026-08-25,25,Tuesday,8,August,3,2026,35
20260826,2026-08-26,26,Wednesday,8,August,3,2026,35
20260827,2026-08-27,27,Thursday,8,August,3,2026,35
20260828,2026-08-28,28,Friday,8,August,3,2026,35
20260829,2026-08-29,29,Saturday,8,August,3,2026,35
20260830,2026-08-30,30,Sunday,8,August,3,2026,35
20260831,2026-08-31,31,Monday,8,August,3,2026,36
20260901,2026-09-01,1,Tuesday,9,September,3,2026,36
20260902,2026-09-02,2,Wednesday,9,September,3,2026,36
20260903,2026-09-03,3,Thursday,9,September,3,2026,36
20260904,2026-09-04,4,Friday,9,September,3,2026,36
20260905,2026-09-05,5,Saturday,9,September,3,2026,36
20260906,2026-09-06,6,Sunday,9,September,3,2026,36
20260907,2026-09-07,7,Monday,9,September,3,2026,37
20260908,2026-09-08,8,Tuesday,9,September,3,2026,37
20260909,2026-09-09,9,Wednesday,9,September,3,2026,37
20260910,2026-09-10,10,Thursday,9,September,3,2026,37
20260911,2026-09-11,11,Friday,9,September,3,2026,37
20260912,2026-09-12,12,Saturday,9,September,3,2026,37
20260913,2026-09-13,13,Sunday,9,September,3,2026,37
20260914,2026-09-14,14,Monday,9,September,3,2026,38
20260915,2026-09-15,15,Tuesday,9,September,3,2026,38
20260916,2026-09-16,16,Wednesday,9,September,3,2026,38
20260917,2026-09-17,17,Thursday,9,September,3,2026,38
20260918,2026-09-18,18,Friday,9,September,3,2026,38
20260919,2026-09-19,19,Saturday,9,September,3,2026,38
20260920,2026-09-20,20,Sunday,9,September,3,2026,38
20260921,2026-09-21,21,Monday,9,September,3,2026,39
20260922,2026-09-22,22,Tuesday,9,September,3,2026,39
20260923,2026-09-23,23,Wednesday,9,September,3,2026,39
20260924,2026-09-24,24,Thursday,9,September,3,2026,39
20260925,2026-09-25,25,Friday,9,September,3,2026,39
20260926,2026-09-26,26,Saturday,9,September,3,2026,39
20260927,2026-09-27,27,Sunday,9,September,3,2026,39
20260928,2026-09-28,28,Monday,9,September,3,2026,40
20260929,2026-09-29,29,Tuesday,9,September,3,2026,40
20260930,2026-09-30,30,Wednesday,9,September,3,2026,40
20261001,2026-10-01,1,Thursday,10,October,4,2026,40
20261002,2026-10-02,2,Friday,10,October,4,2026,40
20261003,2026-10-03,3,Saturday,10,October,4,2026,40
20261004,2026-10-04,4,Sunday,10,October,4,2026,40
20261005,2026-10-05,5,Monday,10,October,4,2026,41
20261006,2026-10-06,6,Tuesday,10,October,4,2026,41
20261007,2026-10-07,7,Wednesday,10,October,4,2026,41
20261008,2026-10-08,8,Thursday,10,October,4,2026,41
20261009,2026-10-09,9,Friday,10,October,4,2026,41
20261010,2026-10-10,10,Saturday,10,October,4,2026,41
20261011,2026-10-11,11,Sunday,10,October,4,2026,41
20261012,2026-10-12,12,Monday,10,October,4,2026,42
20261013,2026-10-13,13,Tuesday,10,October,4,2026,42
20261014,2026-10-14,14,Wednesday,10,October,4,2026,42
20261015,2026-10-15,15,Thursday,10,October,4,2026,42
20261016,2026-10-16,16,Friday,10,October,4,2026,42
20261017,2026-10-17,17,Saturday,10,October,4,2026,42
20261018,2026-10-18,18,Sunday,10,October,4,2026,42
20261019,2026-10-19,19,Monday,10,October,4,2026,43
20261020,2026-10-20,20,Tuesday,10,October,4,2026,43
20261021,2026-10-21,21,Wednesday,10,October,4,2026,43
20261022,2026-10-22,22,Thursday,10,October,4,2026,43
20261023,2026-10-23,23,Friday,10,October,4,2026,43
20261024,2026-10-24,24,Saturday,10,October,4,2026,43
20261025,2026-10-25,25,Sunday,10,October,4,2026,43
20261026,2026-10-26,26,Monday,10,October,4,2026,44
20261027,2026-10-27,27,Tuesday,10,October,4,2026,44
20261028,2026-10-28,28,Wednesday,10,October,4,2026,44
20261029,2026-10-29,29,Thursday,10,October,4,2026,44
20261030,2026-10-30,30,Friday,10,October,4,2026,44
20261031,2026-10-31,31,Saturday,10,October,4,2026,44
20261101,2026-11-01,1,Sunday,11,November,4,2026,44
20261102,2026-11-02,2,Monday,11,November,4,2026,45
20261103,2026-11-03,3,Tuesday,11,November,4,2026,45
20261104,2026-11-04,4,Wednesday,11,November,4,2026,45
20261105,2026-11-05,5,Thursday,11,November,4,2026,45
20261106,2026-11-06,6,Friday,11,November,4,2026,45
20261107,2026-11-07,7,Saturday,11,November,4,2026,45
20261108,2026-11-08,8,Sunday,11,November,4,2026,45
20261109,2026-11-09,9,Monday,11,November,4,2026,46
20261110,2026-11-10,10,Tuesday,11,November,4,2026,46
20261111,2026-11-11,11,Wednesday,11,November,4,2026,46
20261112,2026-11-12,12,Thursday,11,November,4,2026,46
20261113,2026-11-13,13,Friday,11,November,4,2026,46
20261114,2026-11-14,14,Saturday,11,November,4,2026,46
20261115,2026-11-15,15,Sunday,11,November,4,2026,46
20261116,2026-11-16,16,Monday,11,November,4,2026,47
20261117,2026-11-17,17,Tuesday,11,November,4,2026,47
20261118,2026-11-18,18,Wednesday,11,November,4,2026,47
20261119,2026-11-19,19,Thursday,11,November,4,2026,47
20261120,2026-11-20,20,Friday,11,November,4,2026,47
20261121,2026-11-21,21,Saturday,11,November,4,2026,47
20261122,2026-11-22,22,Sunday,11,November,4,2026,47
20261123,2026-11-23,23,Monday,11,November,4,2026,48
20261124,2026-11-24,24,Tuesday,11,November,4,2026,48
20261125,2026-11-25,25,Wednesday,11,November,4,2026,48
20261126,2026-11-26,26,Thursday,11,November,4,2026,48
20261127,2026-11-27,27,Friday,11,November,4,2026,48
20261128,2026-11-28,28,Saturday,11,November,4,2026,48
20261129,2026-11-29,29,Sunday,11,November,4,2026,48
20261130,2026-11-30,30,Monday,11,November,4,2026,49
20261201,2026-12-01,1,Tuesday,12,December,4,2026,49
20261202,2026-12-02,2,Wednesday,12,December,4,2026,49
20261203,2026-12-03,3,Thursday,12,December,4,2026,49
20261204,2026-12-04,4,Friday,12,December,4,2026,49
20261205,2026-12-05,5,Saturday,12,December,4,2026,49
20261206,2026-12-06,6,Sunday,12,December,4,2026,49
20261207,2026-12-07,7,Monday,12,December,4,2026,50
20261208,2026-12-08,8,Tuesday,12,December,4,2026,50
20261209,2026-12-09,9,Wednesday,12,December,4,2026,50
20261210,2026-12-10,10,Thursday,12,December,4,2026,50
20261211,2026-12-11,11,Friday,12,December,4,2026,50
20261212,2026-12-12,12,Saturday,12,December,4,2026,50
20261213,2026-12-13,13,Sunday,12,December,4,2026,50
20261214,2026-12-14,14,Monday,12,December,4,2026,51
20261215,2026-12-15,15,Tuesday,12,December,4,2026,51
20261216,2026-12-16,16,Wednesday,12,December,4,2026,51
20261217,2026-12-17,17,Thursday,12,December,4,2026,51
20261218,2026-12-18,18,Friday,12,December,4,2026,51
20261219,2026-12-19,19,Saturday,12,December,4,2026,51
20261220,2026-12-20,20,Sunday,12,December,4,2026,51
20261221,2026-12-21,21,Monday,12,December,4,2026,52
20261222,2026-12-22,22,Tuesday,12,December,4,2026,52
20261223,2026-12-23,23,Wednesday,12,December,4,2026,52
20261224,2026-12-24,24,Thursday,12,December,4,2026,52
20261225,2026-12-25,25,Friday,12,December,4,2026,52
20261226,2026-12-26,26,Saturday,12,December,4,2026,52
20261227,2026-12-27,27,Sunday,12,December,4,2026,52
20261228,2026-12-28,28,Monday,12,December,4,2026,53
20261229,2026-12-29,29,Tuesday,12,December,4,2026,53
20261230,2026-12-30,30,Wednesday,12,December,4,2026,53
20261231,2026-12-31,31,Thursday,12,December,4,2026,53
20270101,2027-01-01,1,Friday,1,January,1,2027,53
20270102,2027-01-02,2,Saturday,1,January,1,2027,53
20270103,2027-01-03,3,Sunday,1,January,1,2027,53
20270104,2027-01-04,4,Monday,1,January,1,2027,1
20270105,2027-01-05,5,Tuesday,1,January,1,2027,1
20270106,2027-01-06,6,Wednesday,1,January,1,2027,1
20270107,2027-01-07,7,Thursday,1,January,1,2027,1
20270108,2027-01-08,8,Friday,1,January,1,2027,1
20270109,2027-01-09,9,Saturday,1,January,1,2027,1
20270110,2027-01-10,10,Sunday,1,January,1,2027,1
20270111,2027-01-11,11,Monday,1,January,1,2027,2
20270112,2027-01-12,12,Tuesday,1,January,1,2027,2
20270113,2027-01-13,13,Wednesday,1,January,1,2027,2
20270114,2027-01-14,14,Thursday,1,January,1,2027,2
20270115,2027-01-15,15,Friday,1,January,1,2027,2
20270116,2027-01-16,16,Saturday,1,January,1,2027,2
20270117,2027-01-17,17,Sunday,1,January,1,2027,2
20270118,2027-01-18,18,Monday,1,January,1,2027,3
20270119,2027-01-19,19,Tuesday,1,January,1,2027,3
20270120,2027-01-20,20,Wednesday,1,January,1,2027,3
20270121,2027-01-21,21,Thursday,1,January,1,2027,3
20270122,2027-01-22,22,Friday,1,January,1,2027,3
20270123,2027-01-23,23,Saturday,1,January,1,2027,3
20270124,2027-01-24,24,Sunday,1,January,1,2027,3
20270125,2027-01-25,25,Monday,1,January,1,2027,4
20270126,2027-01-26,26,Tuesday,1,January,1,2027,4
20270127,2027-01-27,27,Wednesday,1,January,1,2027,4
20270128,2027-01-28,28,Thursday,1,January,1,2027,4
20270129,2027-01-29,29,Friday,1,January,1,2027,4
20270130,2027-01-30,30,Saturday,1,January,1,2027,4
20270131,2027-01-31,31,Sunday,1,January,1,2027,4
20270201,2027-02-01,1,Monday,2,February,1,2027,5
20270202,2027-02-02,2,Tuesday,2,February,1,2027,5
20270203,2027-02-03,3,Wednesday,2,February,1,2027,5
20270204,2027-02-04,4,Thursday,2,February,1,2027,5
20270205,2027-02-05,5,Friday,2,February,1,2027,5
20270206,2027-02-06,6,Saturday,2,February,1,2027,5
20270207,2027-02-07,7,Sunday,2,February,1,2027,5
20270208,2027-02-08,8,Monday,2,February,1,2027,6
20270209,2027-02-09,9,Tuesday,2,February,1,2027,6
20270210,2027-02-10,10,Wednesday,2,February,1,2027,6
20270211,2027-02-11,11,Thursday,2,February,1,2027,6
20270212,2027-02-12,12,Friday,2,February,1,2027,6
20270213,2027-02-13,13,Saturday,2,February,1,2027,6
20270214,2027-02-14,14,Sunday,2,February,1,2027,6
20270215,2027-02-15,15,Monday,2,February,1,2027,7
20270216,2027-02-16,16,Tuesday,2,February,1,2027,7
20270217,2027-02-17,17,Wednesday,2,February,1,2027,7
20270218,2027-02-18,18,Thursday,2,February,1,2027,7
20270219,2027-02-19,19,Friday,2,February,1,2027,7
20270220,2027-02-20,20,Saturday,2,February,1,2027,7
20270221,2027-02-21,21,Sunday,2,February,1,2027,7
20270222,2027-02-22,22,Monday,2,February,1,2027,8
20270223,2027-02-23,23,Tuesday,2,February,1,2027,8
20270224,2027-02-24,24,Wednesday,2,February,1,2027,8
20270225,2027-02-25,25,Thursday,2,February,1,2027,8
20270226,2027-02-26,26,Friday,2,February,1,2027,8
20270227,2027-02-27,27,Saturday,2,February,1,2027,8
20270228,2027-02-28,28,Sunday,2,February,1,2027,8
20270301,2027-03-01,1,Monday,3,March,1,2027,9
20270302,2027-03-02,2,Tuesday,3,March,1,2027,9
20270303,2027-03-03,3,Wednesday,3,March,1,2027,9
20270304,2027-03-04,4,Thursday,3,March,1,2027,9
20270305,2027-03-05,5,Friday,3,March,1,2027,9
20270306,2027-03-06,6,Saturday,3,March,1,2027,9
20270307,2027-03-07,7,Sunday,3,March,1,2027,9
20270308,2027-03-08,8,Monday,3,March,1,2027,10
20270309,2027-03-09,9,Tuesday,3,March,1,2027,10
20270310,2027-03-10,10,Wednesday,3,March,1,2027,10
20270311,2027-03-11,11,Thursday,3,March,1,2027,10
20270312,2027-03-12,12,Friday,3,March,1,2027,10
20270313,2027-03-13,13,Saturday,3,March,1,2027,10
20270314,2027-03-14,14,Sunday,3,March,1,2027,10
20270315,2027-03-15,15,Monday,3,March,1,2027,11
20270316,2027-03-16,16,Tuesday,3,March,1,2027,11
20270317,2027-03-17,17,Wednesday,3,March,1,2027,11
20270318,2027-03-18,18,Thursday,3,March,1,2027,11
20270319,2027-03-19,19,Friday,3,March,1,2027,11
20270320,2027-03-20,20,Saturday,3,March,1,2027,11
20270321,2027-03-21,21,Sunday,3,March,1,2027,11
20270322,2027-03-22,22,Monday,3,March,1,2027,12
20270323,2027-03-23,23,Tuesday,3,March,1,2027,12
20270324,2027-03-24,24,Wednesday,3,March,1,2027,12
20270325,2027-03-25,25,Thursday,3,March,1,2027,12
20270326,2027-03-26,26,Friday,3,March,1,2027,12
20270327,2027-03-27,27,Saturday,3,March,1,2027,12
20270328,2027-03-28,28,Sunday,3,March,1,2027,12
20270329,2027-03-29,29,Monday,3,March,1,2027,13
20270330,2027-03-30,30,Tuesday,3,March,1,2027,13
20270331,2027-03-31,31,Wednesday,3,March,1,2027,13
20270401,2027-04-01,1,Thursday,4,April,2,2027,13
20270402,2027-04-02,2,Friday,4,April,2,2027,13
20270403,2027-04-03,3,Saturday,4,April,2,2027,13
20270404,2027-04-04,4,Sunday,4,April,2,2027,13
20270405,2027-04-05,5,Monday,4,April,2,2027,14
20270406,2027-04-06,6,Tuesday,4,April,2,2027,14
20270407,2027-04-07,7,Wednesday,4,April,2,2027,14
20270408,2027-04-08,8,Thursday,4,April,2,2027,14
20270409,2027-04-09,9,Friday,4,April,2,2027,14
20270410,2027-04-10,10,Saturday,4,April,2,2027,14
20270411,2027-04-11,11,Sunday,4,April,2,2027,14
20270412,2027-04-12,12,Monday,4,April,2,2027,15
20270413,2027-04-13,13,Tuesday,4,April,2,2027,15
20270414,2027-04-14,14,Wednesday,4,April,2,2027,15
20270415,2027-04-15,15,Thursday,4,April,2,2027,15
20270416,2027-04-16,16,Friday,4,April,2,2027,15
20270417,2027-04-17,17,Saturday,4,April,2,2027,15
20270418,2027-04-18,18,Sunday,4,April,2,2027,15
20270419,2027-04-19,19,Monday,4,April,2,2027,16
20270420,2027-04-20,20,Tuesday,4,April,2,2027,16
20270421,2027-04-21,21,Wednesday,4,April,2,2027,16
20270422,2027-04-22,22,Thursday,4,April,2,2027,16
20270423,2027-04-23,23,Friday,4,April,2,2027,16
20270424,2027-04-24,24,Saturday,4,April,2,2027,16
20270425,2027-04-25,25,Sunday,4,April,2,2027,16
20270426,2027-04-26,26,Monday,4,April,2,2027,17
20270427,2027-04-27,27,Tuesday,4,April,2,2027,17
20270428,2027-04-28,28,Wednesday,4,April,2,2027,17
20270429,2027-04-29,29,Thursday,4,April,2,2027,17
20270430,2027-04-30,30,Friday,4,April,2,2027,17
20270501,2027-05-01,1,Saturday,5,May,2,2027,17
20270502,2027-05-02,2,Sunday,5,May,2,2027,17
20270503,2027-05-03,3,Monday,5,May,2,2027,18
20270504,2027-05-04,4,Tuesday,5,May,2,2027,18
20270505,2027-05-05,5,Wednesday,5,May,2,2027,18
20270506,2027-05-06,6,Thursday,5,May,2,2027,18
20270507,2027-05-07,7,Friday,5,May,2,2027,18
20270508,2027-05-08,8,Saturday,5,May,2,2027,18
20270509,2027-05-09,9,Sunday,5,May,2,2027,18
20270510,2027-05-10,10,Monday,5,May,2,2027,19
20270511,2027-05-11,11,Tuesday,5,May,2,2027,19
20270512,2027-05-12,12,Wednesday,5,May,2,2027,19
20270513,2027-05-13,13,Thursday,5,May,2,2027,19
20270514,2027-05-14,14,Friday,5,May,2,2027,19
20270515,2027-05-15,15,Saturday,5,May,2,2027,19
20270516,2027-05-16,16,Sunday,5,May,2,2027,19
20270517,2027-05-17,17,Monday,5,May,2,2027,20
20270518,2027-05-18,18,Tuesday,5,May,2,2027,20
20270519,2027-05-19,19,Wednesday,5,May,2,2027,20
20270520,2027-05-20,20,Thursday,5,May,2,2027,20
20270521,2027-05-21,21,Friday,5,May,2,2027,20
20270522,2027-05-22,22,Saturday,5,May,2,2027,20
20270523,2027-05-23,23,Sunday,5,May,2,2027,20
20270524,2027-05-24,24,Monday,5,May,2,2027,21
20270525,2027-05-25,25,Tuesday,5,May,2,2027,21
20270526,2027-05-26,26,Wednesday,5,May,2,2027,21
20270527,2027-05-27,27,Thursday,5,May,2,2027,21
20270528,2027-05-28,28,Friday,5,May,2,2027,21
20270529,2027-05-29,29,Saturday,5,May,2,2027,21
20270530,2027-05-30,30,Sunday,5,May,2,2027,21
20270531,2027-05-31,31,Monday,5,May,2,2027,22
20270601,2027-06-01,1,Tuesday,6,June,2,2027,22
20270602,2027-06-02,2,Wednesday,6,June,2,2027,22
20270603,2027-06-03,3,Thursday,6,June,2,2027,22
20270604,2027-06-04,4,Friday,6,June,2,2027,22
20270605,2027-06-05,5,Saturday,6,June,2,2027,22
20270606,2027-06-06,6,Sunday,6,June,2,2027,22
20270607,2027-06-07,7,Monday,6,June,2,2027,23
20270608,2027-06-08,8,Tuesday,6,June,2,2027,23
20270609,2027-06-09,9,Wednesday,6,June,2,2027,23
20270610,2027-06-10,10,Thursday,6,June,2,2027,23
20270611,2027-06-11,11,Friday,6,June,2,2027,23
20270612,2027-06-12,12,Saturday,6,June,2,2027,23
20270613,2027-06-13,13,Sunday,6,June,2,2027,23
20270614,2027-06-14,14,Monday,6,June,2,2027,24
20270615,2027-06-15,15,Tuesday,6,June,2,2027,24
20270616,2027-06-16,16,Wednesday,6,June,2,2027,24
20270617,2027-06-17,17,Thursday,6,June,2,2027,24
20270618,2027-06-18,18,Friday,6,June,2,2027,24
20270619,2027-06-19,19,Saturday,6,June,2,2027,24
20270620,2027-06-20,20,Sunday,6,June,2,2027,24
20270621,2027-06-21,21,Monday,6,June,2,2027,25
20270622,2027-06-22,22,Tuesday,6,June,2,2027,25
20270623,2027-06-23,23,Wednesday,6,June,2,2027,25
20270624,2027-06-24,24,Thursday,6,June,2,2027,25
20270625,2027-06-25,25,Friday,6,June,2,2027,25
20270626,2027-06-26,26,Saturday,6,June,2,2027,25
20270627,2027-06-27,27,Sunday,6,June,2,2027,25
20270628,2027-06-28,28,Monday,6,June,2,2027,26
20270629,2027-06-29,29,Tuesday,6,June,2,2027,26
20270630,2027-06-30,30,Wednesday,6,June,2,2027,26
20270701,2027-07-01,1,Thursday,7,July,3,2027,26
20270702,2027-07-02,2,Friday,7,July,3,2027,26
20270703,2027-07-03,3,Saturday,7,July,3,2027,26
20270704,2027-07-04,4,Sunday,7,July,3,2027,26
20270705,2027-07-05,5,Monday,7,July,3,2027,27
20270706,2027-07-06,6,Tuesday,7,July,3,2027,27
20270707,2027-07-07,7,Wednesday,7,July,3,2027,27
20270708,2027-07-08,8,Thursday,7,July,3,2027,27
20270709,2027-07-09,9,Friday,7,July,3,2027,27
20270710,2027-07-10,10,Saturday,7,July,3,2027,27
20270711,2027-07-11,11,Sunday,7,July,3,2027,27
20270712,2027-07-12,12,Monday,7,July,3,2027,28
20270713,2027-07-13,13,Tuesday,7,July,3,2027,28
20270714,2027-07-14,14,Wednesday,7,July,3,2027,28
20270715,2027-07-15,15,Thursday,7,July,3,2027,28
20270716,2027-07-16,16,Friday,7,July,3,2027,28
20270717,2027-07-17,17,Saturday,7,July,3,2027,28
20270718,2027-07-18,18,Sunday,7,July,3,2027,28
20270719,2027-07-19,19,Monday,7,July,3,2027,29
20270720,2027-07-20,20,Tuesday,7,July,3,2027,29
20270721,2027-07-21,21,Wednesday,7,July,3,2027,29
20270722,2027-07-22,22,Thursday,7,July,3,2027,29
20270723,2027-07-23,23,Friday,7,July,3,2027,29
20270724,2027-07-24,24,Saturday,7,July,3,2027,29
20270725,2027-07-25,25,Sunday,7,July,3,2027,29
20270726,2027-07-26,26,Monday,7,July,3,2027,30
20270727,2027-07-27,27,Tuesday,7,July,3,2027,30
20270728,2027-07-28,28,Wednesday,7,July,3,2027,30
20270729,2027-07-29,29,Thursday,7,July,3,2027,30
20270730,2027-07-30,30,Friday,7,July,3,2027,30
20270731,2027-07-31,31,Saturday,7,July,3,2027,30
20270801,2027-08-01,1,Sunday,8,August,3,2027,30
20270802,2027-08-02,2,Monday,8,August,3,2027,31
20270803,2027-08-03,3,Tuesday,8,August,3,2027,31
20270804,2027-08-04,4,Wednesday,8,August,3,2027,31
20270805,2027-08-05,5,Thursday,8,August,3,2027,31
20270806,2027-08-06,6,Friday,8,August,3,2027,31
20270807,2027-08-07,7,Saturday,8,August,3,2027,31
20270808,2027-08-08,8,Sunday,8,August,3,2027,31
20270809,2027-08-09,9,Monday,8,August,3,2027,32
20270810,2027-08-10,10,Tuesday,8,August,3,2027,32
20270811,2027-08-11,11,Wednesday,8,August,3,2027,32
20270812,2027-08-12,12,Thursday,8,August,3,2027,32
20270813,2027-08-13,13,Friday,8,August,3,2027,32
20270814,2027-08-14,14,Saturday,8,August,3,2027,32
20270815,2027-08-15,15,Sunday,8,August,3,2027,32
20270816,2027-08-16,16,Monday,8,August,3,2027,33
20270817,2027-08-17,17,Tuesday,8,August,3,2027,33
20270818,2027-08-18,18,Wednesday,8,August,3,2027,33
20270819,2027-08-19,19,Thursday,8,August,3,2027,33
20270820,2027-08-20,20,Friday,8,August,3,2027,33
20270821,2027-08-21,21,Saturday,8,August,3,2027,33
20270822,2027-08-22,22,Sunday,8,August,3,2027,33
20270823,2027-08-23,23,Monday,8,August,3,2027,34
20270824,2027-08-24,24,Tuesday,8,August,3,2027,34
20270825,2027-08-25,25,Wednesday,8,August,3,2027,34
20270826,2027-08-26,26,Thursday,8,August,3,2027,34
20270827,2027-08-27,27,Friday,8,August,3,2027,34
20270828,2027-08-28,28,Saturday,8,August,3,2027,34
20270829,2027-08-29,29,Sunday,8,August,3,2027,34
20270830,2027-08-30,30,Monday,8,August,3,2027,35
20270831,2027-08-31,31,Tuesday,8,August,3,2027,35
20270901,2027-09-01,1,Wednesday,9,September,3,2027,35
20270902,2027-09-02,2,Thursday,9,September,3,2027,35
20270903,2027-09-03,3,Friday,9,September,3,2027,35
20270904,2027-09-04,4,Saturday,9,September,3,2027,35
20270905,2027-09-05,5,Sunday,9,September,3,2027,35
20270906,2027-09-06,6,Monday,9,September,3,2027,36
20270907,2027-09-07,7,Tuesday,9,September,3,2027,36
20270908,2027-09-08,8,Wednesday,9,September,3,2027,36
20270909,2027-09-09,9,Thursday,9,September,3,2027,36
20270910,2027-09-10,10,Friday,9,September,3,2027,36
20270911,2027-09-11,11,Saturday,9,September,3,2027,36
20270912,2027-09-12,12,Sunday,9,September,3,2027,36
20270913,2027-09-13,13,Monday,9,September,3,2027,37
20270914,2027-09-14,14,Tuesday,9,September,3,2027,37
20270915,2027-09-15,15,Wednesday,9,September,3,2027,37
20270916,2027-09-16,16,Thursday,9,September,3,2027,37
20270917,2027-09-17,17,Friday,9,September,3,2027,37
20270918,2027-09-18,18,Saturday,9,September,3,2027,37
20270919,2027-09-19,19,Sunday,9,September,3,2027,37
20270920,2027-09-20,20,Monday,9,September,3,2027,38
20270921,2027-09-21,21,Tuesday,9,September,3,2027,38
20270922,2027-09-22,22,Wednesday,9,September,3,2027,38
20270923,2027-09-23,23,Thursday,9,September,3,2027,38
20270924,2027-09-24,24,Friday,9,September,3,2027,38
20270925,2027-09-25,25,Saturday,9,September,3,2027,38
20270926,2027-09-26,26,Sunday,9,September,3,2027,38
20270927,2027-09-27,27,Monday,9,September,3,2027,39
20270928,2027-09-28,28,Tuesday,9,September,3,2027,39
20270929,2027-09-29,29,Wednesday,9,September,3,2027,39
20270930,2027-09-30,30,Thursday,9,September,3,2027,39
20271001,2027-10-01,1,Friday,10,October,4,2027,39
20271002,2027-10-02,2,Saturday,10,October,4,2027,39
20271003,2027-10-03,3,Sunday,10,October,4,2027,39
20271004,2027-10-04,4,Monday,10,October,4,2027,40
20271005,2027-10-05,5,Tuesday,10,October,4,2027,40
20271006,2027-10-06,6,Wednesday,10,October,4,2027,40
20271007,2027-10-07,7,Thursday,10,October,4,2027,40
20271008,2027-10-08,8,Friday,10,October,4,2027,40
20271009,2027-10-09,9,Saturday,10,October,4,2027,40
20271010,2027-10-10,10,Sunday,10,October,4,2027,40
20271011,2027-10-11,11,Monday,10,October,4,2027,41
20271012,2027-10-12,12,Tuesday,10,October,4,2027,41
20271013,2027-10-13,13,Wednesday,10,October,4,2027,41
20271014,2027-10-14,14,Thursday,10,October,4,2027,41
20271015,2027-10-15,15,Friday,10,October,4,2027,41
20271016,2027-10-16,16,Saturday,10,October,4,2027,41
20271017,2027-10-17,17,Sunday,10,October,4,2027,41
20271018,2027-10-18,18,Monday,10,October,4,2027,42
20271019,2027-10-19,19,Tuesday,10,October,4,2027,42
20271020,2027-10-20,20,Wednesday,10,October,4,2027,42
20271021,2027-10-21,21,Thursday,10,October,4,2027,42
20271022,2027-10-22,22,Friday,10,October,4,2027,42
20271023,2027-10-23,23,Saturday,10,October,4,2027,42
20271024,2027-10-24,24,Sunday,10,October,4,2027,42
20271025,2027-10-25,25,Monday,10,October,4,2027,43
20271026,2027-10-26,26,Tuesday,10,October,4,2027,43
20271027,2027-10-27,27,Wednesday,10,October,4,2027,43
20271028,2027-10-28,28,Thursday,10,October,4,2027,43
20271029,2027-10-29,29,Friday,10,October,4,2027,43
20271030,2027-10-30,30,Saturday,10,October,4,2027,43
20271031,2027-10-31,31,Sunday,10,October,4,2027,43
20271101,2027-11-01,1,Monday,11,November,4,2027,44
20271102,2027-11-02,2,Tuesday,11,November,4,2027,44
20271103,2027-11-03,3,Wednesday,11,November,4,2027,44
20271104,2027-11-04,4,Thursday,11,November,4,2027,44
20271105,2027-11-05,5,Friday,11,November,4,2027,44
20271106,2027-11-06,6,Saturday,11,November,4,2027,44
20271107,2027-11-07,7,Sunday,11,November,4,2027,44
20271108,2027-11-08,8,Monday,11,November,4,2027,45
20271109,2027-11-09,9,Tuesday,11,November,4,2027,45
20271110,2027-11-10,10,Wednesday,11,November,4,2027,45
20271111,2027-11-11,11,Thursday,11,November,4,2027,45
20271112,2027-11-12,12,Friday,11,November,4,2027,45
20271113,2027-11-13,13,Saturday,11,November,4,2027,45
20271114,2027-11-14,14,Sunday,11,November,4,2027,45
20271115,2027-11-15,15,Monday,11,November,4,2027,46
20271116,2027-11-16,16,Tuesday,11,November,4,2027,46
20271117,2027-11-17,17,Wednesday,11,November,4,2027,46
20271118,2027-11-18,18,Thursday,11,November,4,2027,46
20271119,2027-11-19,19,Friday,11,November,4,2027,46
20271120,2027-11-20,20,Saturday,11,November,4,2027,46
20271121,2027-11-21,21,Sunday,11,November,4,2027,46
20271122,2027-11-22,22,Monday,11,November,4,2027,47
20271123,2027-11-23,23,Tuesday,11,November,4,2027,47
20271124,2027-11-24,24,Wednesday,11,November,4,2027,47
20271125,2027-11-25,25,Thursday,11,November,4,2027,47
20271126,2027-11-26,26,Friday,11,November,4,2027,47
20271127,2027-11-27,27,Saturday,11,November,4,2027,47
20271128,2027-11-28,28,Sunday,11,November,4,2027,47
20271129,2027-11-29,29,Monday,11,November,4,2027,48
20271130,2027-11-30,30,Tuesday,11,November,4,2027,48
20271201,2027-12-01,1,Wednesday,12,December,4,2027,48
20271202,2027-12-02,2,Thursday,12,December,4,2027,48
20271203,2027-12-03,3,Friday,12,December,4,2027,48
20271204,2027-12-04,4,Saturday,12,December,4,2027,48
20271205,2027-12-05,5,Sunday,12,December,4,2027,48
20271206,2027-12-06,6,Monday,12,December,4,2027,49
20271207,2027-12-07,7,Tuesday,12,December,4,2027,49
20271208,2027-12-08,8,Wednesday,12,December,4,2027,49
20271209,2027-12-09,9,Thursday,12,December,4,2027,49
20271210,2027-12-10,10,Friday,12,December,4,2027,49
20271211,2027-12-11,11,Saturday,12,December,4,2027,49
20271212,2027-12-12,12,Sunday,12,December,4,2027,49
20271213,2027-12-13,13,Monday,12,December,4,2027,50
20271214,2027-12-14,14,Tuesday,12,December,4,2027,50
20271215,2027-12-15,15,Wednesday,12,December,4,2027,50
20271216,2027-12-16,16,Thursday,12,December,4,2027,50
20271217,2027-12-17,17,Friday,12,December,4,2027,50
20271218,2027-12-18,18,Saturday,12,December,4,2027,50
20271219,2027-12-19,19,Sunday,12,December,4,2027,50
20271220,2027-12-20,20,Monday,12,December,4,2027,51
20271221,2027-12-21,21,Tuesday,12,December,4,2027,51
20271222,2027-12-22,22,Wednesday,12,December,4,2027,51
20271223,2027-12-23,23,Thursday,12,December,4,2027,51
20271224,2027-12-24,24,Friday,12,December,4,2027,51
20271225,2027-12-25,25,Saturday,12,December,4,2027,51
20271226,2027-12-26,26,Sunday,12,December,4,2027,51
20271227,2027-12-27,27,Monday,12,December,4,2027,52
20271228,2027-12-28,28,Tuesday,12,December,4,2027,52
20271229,2027-12-29,29,Wednesday,12,December,4,2027,52
20271230,2027-12-30,30,Thursday,12,December,4,2027,52
20271231,2027-12-31,31,Friday,12,December,4,2027,52
