OrderID,CustomerID,ProductID,Quantity,UnitPrice,DiscountPercent,OrderDate,DeliveryDate,OrderStatus
ORD000001,CUS000009,PRD000021,5,147.97,0,2025-03-13,2025-03-16,Delivered
ORD000002,CUS000009,PRD000073,7,2858.44,5,2025-08-29,2025-09-08,Delivered
ORD000003,CUS000007,PRD000033,6,4608.11,20,2024-07-12,2024-07-15,Delivered
ORD000004,CUS000004,PRD000057,7,5301.14,0,2025-10-26,2025-10-28,Delivered
ORD000005,CUS000010,PRD000043,1,5873.66,20,2025-04-23,2025-04-26,Shipped
ORD000006,CUS000001,PRD000009,3,4036.02,20,2025-10-08,2025-10-12,Delivered
ORD000007,CUS000007,PRD000044,7,1777.33,20,2025-11-19,2025-11-21,Processing
ORD000008,CUS000010,PRD000080,5,5108.67,20,2025-11-11,2025-11-19,Delivered
ORD000009,CUS000004,PRD000074,2,271.56,5,2026-03-12,2026-03-15,Delivered
ORD000010,CUS000001,PRD000089,8,4203.87,10,2024-07-02,2024-07-05,Delivered
ORD000011,CUS000010,PRD000075,3,1991.19,0,2025-09-13,2025-09-23,Delivered
ORD000012,CUS000005,PRD000015,9,3617.25,20,2024-09-24,2024-10-03,Pending
ORD000013,CUS000004,PRD000037,9,5545.14,5,2025-04-14,2025-04-17,Delivered
ORD000014,CUS000004,PRD000020,9,221.05,0,2026-02-22,2026-03-04,Delivered
ORD000015,CUS000002,PRD000012,1,1025.51,0,2026-04-11,2026-04-13,Shipped
ORD000016,CUS000010,PRD000054,4,2773.04,20,2026-01-26,2026-02-01,Cancelled
ORD000017,CUS000005,PRD000070,8,1251.07,5,2025-02-17,2025-02-27,Delivered
ORD000018,CUS000002,PRD000043,2,5873.66,20,2024-10-29,2024-10-31,Shipped
ORD000019,CUS000008,PRD000003,2,6249.34,0,2025-01-30,2025-02-09,Delivered
ORD000020,CUS000002,PRD000045,6,6550.39,10,2025-07-08,2025-07-14,Delivered
ORD000021,CUS000009,PRD000073,5,2858.44,10,2025-02-11,2025-02-19,Delivered
ORD000022,CUS000003,PRD000014,1,3666.41,10,2026-04-27,2026-05-05,Delivered
ORD000023,CUS000002,PRD000097,6,172.02,20,2026-02-28,2026-03-09,Processing
ORD000024,CUS000010,PRD000027,1,1516.67,15,2025-06-07,2025-06-15,Delivered
ORD000025,CUS000008,PRD000064,10,3922.48,5,2025-12-09,2025-12-14,Delivered
ORD000026,CUS000010,PRD000012,10,1025.51,10,2025-06-14,2025-06-23,Delivered
ORD000027,CUS000007,PRD000004,8,5550.4,10,2026-03-02,2026-03-06,Delivered
ORD000028,CUS000010,PRD000002,8,191.43,20,2025-10-17,2025-10-20,Delivered
ORD000029,CUS000008,PRD000032,4,4825.67,5,2024-11-12,2024-11-20,Delivered
ORD000030,CUS000001,PRD000084,8,4221.36,20,2025-12-11,2025-12-13,Delivered
ORD000031,CUS000010,PRD000080,1,5108.67,20,2025-01-28,2025-02-04,Cancelled
ORD000032,CUS000001,PRD000062,7,6948.99,15,2025-09-13,2025-09-22,Delivered
ORD000033,CUS000008,PRD000043,1,5873.66,5,2024-09-19,2024-09-28,Shipped
ORD000034,CUS000008,PRD000095,10,2671.16,0,2026-04-03,2026-04-08,Processing
ORD000035,CUS000009,PRD000073,5,2858.44,5,2026-06-04,2026-06-11,Shipped
ORD000036,CUS000009,PRD000034,4,1040.84,15,2026-03-24,2026-03-30,Delivered
ORD000037,CUS000007,PRD000020,2,221.05,10,2024-09-30,2024-10-10,Processing
ORD000038,CUS000005,PRD000073,2,2858.44,5,2025-04-08,2025-04-18,Pending
ORD000039,CUS000006,PRD000075,8,1991.19,20,2024-10-22,2024-10-26,Delivered
ORD000040,CUS000004,PRD000077,10,2715.47,10,2024-09-29,2024-10-02,Delivered
ORD000041,CUS000009,PRD000040,1,4388.26,15,2026-01-13,2026-01-23,Cancelled
ORD000042,CUS000006,PRD000074,10,271.56,15,2026-05-19,2026-05-26,Delivered
ORD000043,CUS000003,PRD000098,3,5788.45,0,2025-04-30,2025-05-07,Delivered
ORD000044,CUS000005,PRD000042,7,3128.47,10,2026-06-06,2026-06-15,Delivered
ORD000045,CUS000008,PRD000016,8,4620.55,10,2025-10-01,2025-10-08,Delivered
ORD000046,CUS000001,PRD000066,2,2836.12,10,2025-03-31,2025-04-08,Delivered
ORD000047,CUS000010,PRD000086,2,2297.46,20,2026-05-21,2026-05-29,Delivered
ORD000048,CUS000002,PRD000001,3,4563.53,20,2026-02-08,2026-02-10,Delivered
ORD000049,CUS000006,PRD000029,8,2832.15,5,2024-10-28,2024-11-06,Delivered
ORD000050,CUS000003,PRD000004,9,5550.4,15,2026-02-28,2026-03-09,Processing
ORD000051,CUS000010,PRD000028,3,3083.23,20,2026-03-27,2026-04-01,Delivered
ORD000052,CUS000007,PRD000089,2,4203.87,5,2025-11-29,2025-12-05,Delivered
ORD000053,CUS000008,PRD000027,4,1516.67,0,2026-03-20,2026-03-23,Delivered
ORD000054,CUS000002,PRD000036,8,6901.19,5,2025-08-16,2025-08-24,Pending
ORD000055,CUS000002,PRD000062,9,6948.99,10,2025-05-06,2025-05-10,Shipped
ORD000056,CUS000003,PRD000029,6,2832.15,20,2024-11-18,2024-11-20,Delivered
ORD000057,CUS000004,PRD000035,7,5931.87,15,2026-05-20,2026-05-27,Delivered
ORD000058,CUS000004,PRD000031,1,4050.1,0,2025-11-20,2025-11-26,Processing
ORD000059,CUS000005,PRD000073,1,2858.44,15,2024-11-16,2024-11-26,Delivered
ORD000060,CUS000004,PRD000039,4,823.67,5,2026-04-23,2026-04-27,Delivered
ORD000061,CUS000002,PRD000021,8,147.97,20,2024-09-07,2024-09-10,Delivered
ORD000062,CUS000008,PRD000049,5,3079.09,20,2024-09-16,2024-09-20,Pending
ORD000063,CUS000001,PRD000005,2,5546.35,10,2025-07-29,2025-08-05,Delivered
ORD000064,CUS000001,PRD000068,3,3352.05,15,2025-12-24,2026-01-03,Shipped
ORD000065,CUS000005,PRD000061,7,5722.14,5,2025-03-08,2025-03-12,Delivered
ORD000066,CUS000007,PRD000092,3,3998.81,0,2025-06-06,2025-06-12,Shipped
ORD000067,CUS000005,PRD000033,3,4608.11,0,2025-09-16,2025-09-26,Shipped
ORD000068,CUS000007,PRD000086,4,2297.46,0,2025-12-08,2025-12-15,Shipped
ORD000069,CUS000004,PRD000071,2,1020.08,10,2026-04-25,2026-05-03,Cancelled
ORD000070,CUS000005,PRD000080,8,5108.67,5,2026-03-16,2026-03-25,Delivered
ORD000071,CUS000001,PRD000020,9,221.05,20,2025-11-17,2025-11-22,Cancelled
ORD000072,CUS000005,PRD000073,3,2858.44,0,2024-10-25,2024-10-28,Cancelled
ORD000073,CUS000009,PRD000047,2,7110.81,0,2024-12-30,2025-01-01,Delivered
ORD000074,CUS000007,PRD000004,1,5550.4,10,2026-03-23,2026-03-25,Delivered
ORD000075,CUS000008,PRD000068,6,3352.05,20,2024-08-19,2024-08-27,Delivered
ORD000076,CUS000010,PRD000052,5,4156.45,10,2025-04-25,2025-05-01,Shipped
ORD000077,CUS000010,PRD000076,10,1750.3,0,2025-06-05,2025-06-15,Shipped
ORD000078,CUS000003,PRD000037,6,5545.14,20,2024-09-03,2024-09-10,Delivered
ORD000079,CUS000001,PRD000029,10,2832.15,5,2025-11-20,2025-11-25,Delivered
ORD000080,CUS000010,PRD000031,5,4050.1,0,2025-08-29,2025-09-07,Shipped
ORD000081,CUS000008,PRD000073,10,2858.44,0,2025-01-06,2025-01-08,Delivered
ORD000082,CUS000010,PRD000030,1,249.76,5,2025-07-31,2025-08-03,Delivered
ORD000083,CUS000005,PRD000088,1,704.72,10,2026-04-23,2026-05-03,Delivered
ORD000084,CUS000003,PRD000076,6,1750.3,5,2025-01-29,2025-02-04,Delivered
ORD000085,CUS000006,PRD000068,8,3352.05,10,2025-06-04,2025-06-07,Delivered
ORD000086,CUS000002,PRD000090,7,4901.42,15,2025-07-17,2025-07-20,Delivered
ORD000087,CUS000008,PRD000054,2,2773.04,5,2025-12-28,2025-12-30,Shipped
ORD000088,CUS000007,PRD000090,6,4901.42,20,2025-05-28,2025-06-04,Delivered
ORD000089,CUS000004,PRD000018,1,2802.09,0,2025-10-17,2025-10-26,Shipped
ORD000090,CUS000001,PRD000080,10,5108.67,10,2025-06-13,2025-06-18,Delivered
ORD000091,CUS000002,PRD000046,4,452.81,20,2025-07-24,2025-07-26,Shipped
ORD000092,CUS000007,PRD000100,10,1135.65,5,2025-07-06,2025-07-13,Delivered
ORD000093,CUS000001,PRD000007,4,3864.46,5,2025-12-20,2025-12-28,Delivered
ORD000094,CUS000006,PRD000089,5,4203.87,10,2025-02-26,2025-03-08,Delivered
ORD000095,CUS000002,PRD000038,5,1986.29,10,2025-02-21,2025-02-28,Delivered
ORD000096,CUS000003,PRD000016,3,4620.55,10,2025-05-06,2025-05-09,Delivered
ORD000097,CUS000007,PRD000066,10,2836.12,15,2026-03-14,2026-03-18,Shipped
ORD000098,CUS000010,PRD000094,9,6100.54,20,2025-02-08,2025-02-10,Processing
ORD000099,CUS000007,PRD000059,7,4905.87,10,2025-02-02,2025-02-12,Delivered
ORD000100,CUS000007,PRD000086,7,2297.46,15,2025-07-11,2025-07-20,Delivered
ORD000101,CUS000003,PRD000056,9,4605.94,0,2026-05-22,2026-06-01,Shipped
ORD000102,CUS000002,PRD000026,1,7079.23,15,2025-05-13,2025-05-23,Delivered
ORD000103,CUS000010,PRD000075,2,1991.19,20,2026-03-20,2026-03-22,Delivered
ORD000104,CUS000007,PRD000019,3,5847.34,0,2024-12-28,2025-01-01,Processing
ORD000105,CUS000009,PRD000011,6,1878.45,20,2025-12-16,2025-12-26,Processing
ORD000106,CUS000008,PRD000011,6,1878.45,0,2026-04-30,2026-05-04,Delivered
ORD000107,CUS000004,PRD000031,3,4050.1,15,2025-02-17,2025-02-26,Delivered
ORD000108,CUS000009,PRD000054,1,2773.04,5,2025-10-01,2025-10-08,Delivered
ORD000109,CUS000010,PRD000010,4,6697.99,20,2025-12-23,2026-01-02,Delivered
ORD000110,CUS000006,PRD000014,8,3666.41,10,2026-04-27,2026-05-06,Delivered
ORD000111,CUS000009,PRD000031,10,4050.1,0,2025-07-23,2025-07-25,Delivered
ORD000112,CUS000005,PRD000074,4,271.56,10,2026-04-07,2026-04-13,Shipped
ORD000113,CUS000005,PRD000077,1,2715.47,20,2025-05-08,2025-05-16,Cancelled
ORD000114,CUS000005,PRD000047,3,7110.81,20,2024-09-19,2024-09-24,Delivered
ORD000115,CUS000006,PRD000013,7,1718.24,20,2025-05-06,2025-05-08,Delivered
ORD000116,CUS000006,PRD000023,9,3389.11,15,2026-01-17,2026-01-23,Shipped
ORD000117,CUS000002,PRD000085,10,1788.74,15,2025-12-06,2025-12-10,Delivered
ORD000118,CUS000007,PRD000031,3,4050.1,10,2026-01-18,2026-01-25,Delivered
ORD000119,CUS000002,PRD000087,9,3565.03,0,2026-02-10,2026-02-14,Delivered
ORD000120,CUS000001,PRD000081,8,3489.06,15,2025-09-11,2025-09-20,Delivered
ORD000121,CUS000009,PRD000099,8,3328.3,20,2025-08-04,2025-08-13,Processing
ORD000122,CUS000004,PRD000019,5,5847.34,5,2025-03-01,2025-03-06,Shipped
ORD000123,CUS000009,PRD000059,10,4905.87,5,2025-05-28,2025-06-03,Delivered
ORD000124,CUS000002,PRD000016,6,4620.55,20,2024-12-05,2024-12-07,Shipped
ORD000125,CUS000001,PRD000064,6,3922.48,0,2026-01-16,2026-01-23,Shipped
ORD000126,CUS000003,PRD000042,6,3128.47,10,2025-10-09,2025-10-16,Delivered
ORD000127,CUS000007,PRD000007,10,3864.46,5,2025-10-04,2025-10-12,Delivered
ORD000128,CUS000010,PRD000012,10,1025.51,15,2025-10-30,2025-11-08,Delivered
ORD000129,CUS000004,PRD000096,4,2621.93,5,2025-07-14,2025-07-23,Delivered
ORD000130,CUS000008,PRD000007,4,3864.46,0,2024-10-07,2024-10-12,Cancelled
ORD000131,CUS000004,PRD000004,3,5550.4,15,2025-06-01,2025-06-06,Delivered
ORD000132,CUS000001,PRD000066,1,2836.12,20,2025-11-18,2025-11-24,Processing
ORD000133,CUS000009,PRD000056,1,4605.94,20,2025-04-25,2025-04-28,Cancelled
ORD000134,CUS000009,PRD000029,5,2832.15,10,2025-01-05,2025-01-08,Processing
ORD000135,CUS000004,PRD000039,3,823.67,0,2024-10-05,2024-10-10,Shipped
ORD000136,CUS000002,PRD000061,3,5722.14,0,2026-04-28,2026-05-05,Delivered
ORD000137,CUS000001,PRD000097,6,172.02,0,2024-11-20,2024-11-23,Processing
ORD000138,CUS000005,PRD000011,10,1878.45,5,2026-01-13,2026-01-16,Shipped
ORD000139,CUS000002,PRD000067,2,5334.45,15,2025-08-05,2025-08-07,Delivered
ORD000140,CUS000009,PRD000085,5,1788.74,10,2025-03-18,2025-03-23,Delivered
ORD000141,CUS000003,PRD000027,1,1516.67,20,2025-04-01,2025-04-05,Delivered
ORD000142,CUS000007,PRD000034,2,1040.84,0,2025-10-11,2025-10-14,Delivered
ORD000143,CUS000007,PRD000002,9,191.43,5,2025-11-04,2025-11-07,Delivered
ORD000144,CUS000009,PRD000038,8,1986.29,5,2025-07-07,2025-07-14,Delivered
ORD000145,CUS000003,PRD000048,10,1311.44,10,2024-12-02,2024-12-10,Shipped
ORD000146,CUS000003,PRD000073,6,2858.44,15,2025-06-09,2025-06-17,Delivered
ORD000147,CUS000003,PRD000075,5,1991.19,0,2025-02-24,2025-03-05,Delivered
ORD000148,CUS000008,PRD000065,8,5664.47,15,2025-01-13,2025-01-22,Shipped
ORD000149,CUS000008,PRD000029,4,2832.15,20,2026-02-24,2026-03-04,Delivered
ORD000150,CUS000008,PRD000045,5,6550.39,10,2025-06-21,2025-06-23,Delivered
ORD000151,CUS000008,PRD000059,9,4905.87,10,2026-04-20,2026-04-26,Delivered
ORD000152,CUS000001,PRD000037,9,5545.14,0,2024-11-01,2024-11-08,Delivered
ORD000153,CUS000003,PRD000033,9,4608.11,10,2026-03-11,2026-03-19,Delivered
ORD000154,CUS000010,PRD000085,2,1788.74,15,2024-12-02,2024-12-06,Shipped
ORD000155,CUS000003,PRD000017,9,1137.77,10,2025-05-17,2025-05-25,Delivered
ORD000156,CUS000005,PRD000063,8,5287.0,20,2025-04-27,2025-04-30,Cancelled
ORD000157,CUS000002,PRD000007,1,3864.46,10,2025-01-24,2025-01-31,Delivered
ORD000158,CUS000002,PRD000083,3,1732.49,0,2024-08-02,2024-08-06,Processing
ORD000159,CUS000010,PRD000010,8,6697.99,20,2026-06-17,2026-06-25,Delivered
ORD000160,CUS000003,PRD000061,1,5722.14,5,2025-03-11,2025-03-14,Delivered
ORD000161,CUS000005,PRD000019,1,5847.34,0,2025-01-13,2025-01-23,Delivered
ORD000162,CUS000010,PRD000054,5,2773.04,20,2024-10-17,2024-10-20,Delivered
ORD000163,CUS000001,PRD000047,8,7110.81,15,2026-06-11,2026-06-17,Delivered
ORD000164,CUS000001,PRD000075,9,1991.19,10,2024-07-22,2024-08-01,Delivered
ORD000165,CUS000002,PRD000093,7,6774.8,15,2024-08-21,2024-08-28,Shipped
ORD000166,CUS000003,PRD000038,5,1986.29,20,2025-02-04,2025-02-10,Delivered
ORD000167,CUS000005,PRD000012,6,1025.51,10,2025-03-09,2025-03-17,Shipped
ORD000168,CUS000004,PRD000074,1,271.56,5,2024-10-06,2024-10-08,Delivered
ORD000169,CUS000010,PRD000053,7,7578.94,10,2026-05-03,2026-05-11,Delivered
ORD000170,CUS000001,PRD000031,5,4050.1,15,2025-10-24,2025-10-28,Delivered
ORD000171,CUS000001,PRD000014,1,3666.41,15,2025-04-01,2025-04-08,Delivered
ORD000172,CUS000010,PRD000098,1,5788.45,0,2025-03-19,2025-03-27,Delivered
ORD000173,CUS000010,PRD000100,8,1135.65,10,2024-10-27,2024-11-03,Delivered
ORD000174,CUS000007,PRD000025,2,7094.08,5,2024-09-21,2024-09-25,Delivered
ORD000175,CUS000002,PRD000007,10,3864.46,0,2025-07-03,2025-07-08,Delivered
ORD000176,CUS000007,PRD000034,6,1040.84,10,2024-11-21,2024-11-26,Shipped
ORD000177,CUS000008,PRD000038,10,1986.29,10,2024-10-02,2024-10-06,Processing
ORD000178,CUS000002,PRD000041,1,3276.99,15,2024-11-06,2024-11-13,Delivered
ORD000179,CUS000007,PRD000035,5,5931.87,15,2024-12-13,2024-12-15,Delivered
ORD000180,CUS000008,PRD000006,6,4855.48,5,2025-03-03,2025-03-08,Delivered
ORD000181,CUS000009,PRD000038,2,1986.29,10,2024-10-11,2024-10-13,Delivered
ORD000182,CUS000002,PRD000021,2,147.97,0,2024-12-23,2024-12-28,Delivered
ORD000183,CUS000007,PRD000013,5,1718.24,20,2025-11-10,2025-11-16,Delivered
ORD000184,CUS000008,PRD000064,2,3922.48,10,2026-01-15,2026-01-24,Shipped
ORD000185,CUS000006,PRD000033,9,4608.11,5,2025-05-07,2025-05-11,Shipped
ORD000186,CUS000005,PRD000056,7,4605.94,15,2026-04-19,2026-04-27,Delivered
ORD000187,CUS000006,PRD000028,3,3083.23,15,2026-01-02,2026-01-11,Delivered
ORD000188,CUS000009,PRD000054,10,2773.04,5,2024-12-26,2024-12-30,Delivered
ORD000189,CUS000006,PRD000095,7,2671.16,15,2024-12-09,2024-12-15,Delivered
ORD000190,CUS000004,PRD000080,8,5108.67,15,2025-02-10,2025-02-15,Delivered
ORD000191,CUS000004,PRD000002,6,191.43,5,2024-06-29,2024-07-01,Cancelled
ORD000192,CUS000010,PRD000060,1,6799.26,15,2024-08-15,2024-08-25,Delivered
ORD000193,CUS000002,PRD000072,5,1475.07,20,2025-08-18,2025-08-28,Delivered
ORD000194,CUS000006,PRD000061,9,5722.14,0,2026-06-04,2026-06-13,Processing
ORD000195,CUS000003,PRD000097,2,172.02,15,2025-03-03,2025-03-06,Processing
ORD000196,CUS000006,PRD000081,7,3489.06,10,2025-08-31,2025-09-09,Shipped
ORD000197,CUS000005,PRD000040,2,4388.26,15,2025-06-07,2025-06-12,Processing
ORD000198,CUS000004,PRD000064,7,3922.48,5,2024-10-14,2024-10-24,Shipped
ORD000199,CUS000005,PRD000055,7,574.5,10,2026-01-31,2026-02-02,Shipped
ORD000200,CUS000008,PRD000089,4,4203.87,5,2024-07-15,2024-07-22,Delivered
ORD000201,CUS000002,PRD000012,2,1025.51,10,2025-06-12,2025-06-14,Shipped
ORD000202,CUS000010,PRD000025,2,7094.08,5,2024-07-06,2024-07-16,Delivered
ORD000203,CUS000009,PRD000002,3,191.43,5,2026-05-27,2026-06-02,Delivered
ORD000204,CUS000008,PRD000032,2,4825.67,0,2024-11-21,2024-11-24,Delivered
ORD000205,CUS000004,PRD000043,8,5873.66,0,2025-10-16,2025-10-21,Delivered
ORD000206,CUS000001,PRD000098,3,5788.45,0,2026-01-08,2026-01-18,Delivered
ORD000207,CUS000001,PRD000078,9,4245.02,5,2025-07-04,2025-07-12,Delivered
ORD000208,CUS000005,PRD000012,4,1025.51,20,2025-08-24,2025-08-26,Delivered
ORD000209,CUS000001,PRD000095,10,2671.16,15,2024-07-19,2024-07-23,Pending
ORD000210,CUS000008,PRD000018,5,2802.09,15,2024-10-01,2024-10-04,Delivered
ORD000211,CUS000005,PRD000078,6,4245.02,10,2025-03-31,2025-04-03,Delivered
ORD000212,CUS000001,PRD000099,10,3328.3,10,2025-11-04,2025-11-13,Delivered
ORD000213,CUS000003,PRD000072,4,1475.07,5,2025-07-30,2025-08-03,Delivered
ORD000214,CUS000008,PRD000035,6,5931.87,15,2025-10-15,2025-10-18,Delivered
ORD000215,CUS000007,PRD000043,1,5873.66,15,2026-05-09,2026-05-12,Delivered
ORD000216,CUS000003,PRD000003,5,6249.34,0,2024-07-26,2024-08-02,Delivered
ORD000217,CUS000002,PRD000044,9,1777.33,10,2025-09-19,2025-09-28,Shipped
ORD000218,CUS000004,PRD000059,10,4905.87,20,2025-02-03,2025-02-08,Delivered
ORD000219,CUS000006,PRD000089,10,4203.87,0,2025-02-07,2025-02-12,Shipped
ORD000220,CUS000005,PRD000031,9,4050.1,20,2025-07-26,2025-07-28,Delivered
ORD000221,CUS000003,PRD000045,3,6550.39,15,2024-12-12,2024-12-20,Pending
ORD000222,CUS000008,PRD000041,7,3276.99,5,2025-11-29,2025-12-03,Shipped
ORD000223,CUS000009,PRD000019,7,5847.34,15,2025-04-09,2025-04-18,Cancelled
ORD000224,CUS000004,PRD000012,5,1025.51,10,2026-03-15,2026-03-17,Shipped
ORD000225,CUS000006,PRD000030,7,249.76,5,2025-03-01,2025-03-10,Delivered
ORD000226,CUS000008,PRD000084,10,4221.36,5,2026-02-09,2026-02-17,Delivered
ORD000227,CUS000008,PRD000079,10,2369.06,5,2025-05-22,2025-05-26,Pending
ORD000228,CUS000004,PRD000058,3,2587.62,5,2024-12-12,2024-12-15,Delivered
ORD000229,CUS000002,PRD000003,6,6249.34,5,2026-05-22,2026-05-24,Delivered
ORD000230,CUS000010,PRD000033,7,4608.11,5,2026-02-09,2026-02-12,Delivered
ORD000231,CUS000008,PRD000096,6,2621.93,20,2026-03-31,2026-04-05,Processing
ORD000232,CUS000007,PRD000053,9,7578.94,10,2025-12-23,2026-01-02,Pending
ORD000233,CUS000008,PRD000024,6,2778.0,0,2025-10-10,2025-10-19,Shipped
ORD000234,CUS000007,PRD000073,1,2858.44,15,2024-07-27,2024-08-03,Delivered
ORD000235,CUS000001,PRD000078,6,4245.02,0,2025-01-09,2025-01-19,Delivered
ORD000236,CUS000004,PRD000002,3,191.43,20,2025-06-14,2025-06-21,Pending
ORD000237,CUS000010,PRD000098,9,5788.45,20,2026-02-21,2026-02-27,Delivered
ORD000238,CUS000010,PRD000034,8,1040.84,0,2025-09-25,2025-09-30,Pending
ORD000239,CUS000004,PRD000039,9,823.67,0,2026-06-16,2026-06-20,Delivered
ORD000240,CUS000002,PRD000079,10,2369.06,10,2025-12-23,2025-12-29,Delivered
ORD000241,CUS000002,PRD000027,8,1516.67,5,2025-06-11,2025-06-16,Shipped
ORD000242,CUS000004,PRD000072,3,1475.07,0,2026-03-12,2026-03-14,Processing
ORD000243,CUS000005,PRD000063,7,5287.0,20,2025-01-06,2025-01-10,Cancelled
ORD000244,CUS000006,PRD000083,8,1732.49,15,2025-11-09,2025-11-12,Delivered
ORD000245,CUS000001,PRD000079,3,2369.06,10,2024-08-06,2024-08-16,Delivered
ORD000246,CUS000001,PRD000099,2,3328.3,5,2025-10-11,2025-10-19,Delivered
ORD000247,CUS000007,PRD000089,6,4203.87,10,2025-07-05,2025-07-15,Delivered
ORD000248,CUS000005,PRD000015,2,3617.25,0,2025-01-31,2025-02-03,Pending
ORD000249,CUS000010,PRD000051,8,2674.54,0,2025-06-05,2025-06-10,Delivered
ORD000250,CUS000009,PRD000086,1,2297.46,20,2026-06-22,2026-06-30,Delivered
ORD000251,CUS000002,PRD000016,4,4620.55,10,2025-05-06,2025-05-15,Processing
ORD000252,CUS000005,PRD000002,2,191.43,20,2024-08-20,2024-08-23,Cancelled
ORD000253,CUS000009,PRD000030,5,249.76,20,2025-04-30,2025-05-10,Delivered
ORD000254,CUS000005,PRD000007,10,3864.46,10,2025-01-27,2025-02-04,Delivered
ORD000255,CUS000005,PRD000093,4,6774.8,5,2025-04-20,2025-04-30,Processing
ORD000256,CUS000007,PRD000072,10,1475.07,20,2025-09-09,2025-09-12,Shipped
ORD000257,CUS000003,PRD000062,8,6948.99,0,2025-06-22,2025-06-24,Delivered
ORD000258,CUS000009,PRD000002,5,191.43,0,2026-03-07,2026-03-13,Shipped
ORD000259,CUS000004,PRD000003,7,6249.34,0,2024-12-18,2024-12-22,Delivered
ORD000260,CUS000009,PRD000031,3,4050.1,0,2026-04-03,2026-04-09,Delivered
ORD000261,CUS000001,PRD000037,10,5545.14,0,2025-06-26,2025-07-03,Delivered
ORD000262,CUS000010,PRD000020,7,221.05,0,2024-10-18,2024-10-27,Delivered
ORD000263,CUS000008,PRD000021,10,147.97,20,2024-07-31,2024-08-03,Delivered
ORD000264,CUS000002,PRD000018,5,2802.09,10,2024-09-14,2024-09-16,Shipped
ORD000265,CUS000007,PRD000003,2,6249.34,10,2026-05-29,2026-06-06,Shipped
ORD000266,CUS000008,PRD000067,3,5334.45,10,2025-10-25,2025-10-27,Delivered
ORD000267,CUS000006,PRD000028,10,3083.23,0,2026-04-13,2026-04-20,Shipped
ORD000268,CUS000004,PRD000091,5,4548.45,0,2025-01-17,2025-01-20,Delivered
ORD000269,CUS000006,PRD000019,6,5847.34,10,2026-04-19,2026-04-25,Shipped
ORD000270,CUS000001,PRD000068,3,3352.05,0,2025-01-01,2025-01-09,Cancelled
ORD000271,CUS000002,PRD000041,8,3276.99,10,2024-11-16,2024-11-25,Processing
ORD000272,CUS000010,PRD000048,9,1311.44,0,2025-12-29,2026-01-06,Delivered
ORD000273,CUS000009,PRD000005,4,5546.35,20,2026-03-28,2026-03-31,Delivered
ORD000274,CUS000001,PRD000031,8,4050.1,20,2025-02-22,2025-03-04,Cancelled
ORD000275,CUS000010,PRD000070,9,1251.07,15,2025-03-21,2025-03-25,Delivered
ORD000276,CUS000002,PRD000071,1,1020.08,10,2024-12-23,2024-12-25,Shipped
ORD000277,CUS000005,PRD000017,6,1137.77,15,2025-09-14,2025-09-16,Shipped
ORD000278,CUS000005,PRD000082,2,5074.26,15,2025-02-20,2025-03-01,Delivered
ORD000279,CUS000002,PRD000027,2,1516.67,5,2025-05-23,2025-05-27,Shipped
ORD000280,CUS000005,PRD000052,1,4156.45,5,2025-09-17,2025-09-20,Shipped
ORD000281,CUS000002,PRD000043,3,5873.66,5,2025-05-12,2025-05-21,Processing
ORD000282,CUS000001,PRD000026,9,7079.23,0,2026-05-27,2026-06-06,Processing
ORD000283,CUS000001,PRD000032,7,4825.67,5,2026-02-21,2026-02-26,Delivered
ORD000284,CUS000010,PRD000074,4,271.56,15,2026-06-08,2026-06-17,Delivered
ORD000285,CUS000008,PRD000025,3,7094.08,15,2026-01-11,2026-01-17,Delivered
ORD000286,CUS000010,PRD000060,3,6799.26,5,2025-11-19,2025-11-25,Delivered
ORD000287,CUS000004,PRD000083,2,1732.49,15,2025-06-09,2025-06-19,Processing
ORD000288,CUS000007,PRD000034,2,1040.84,20,2026-05-18,2026-05-28,Delivered
ORD000289,CUS000002,PRD000069,7,3147.62,5,2026-04-21,2026-04-24,Delivered
ORD000290,CUS000006,PRD000059,7,4905.87,15,2026-01-03,2026-01-05,Delivered
ORD000291,CUS000002,PRD000064,1,3922.48,20,2025-08-05,2025-08-14,Shipped
ORD000292,CUS000007,PRD000090,2,4901.42,0,2024-07-26,2024-08-04,Delivered
ORD000293,CUS000001,PRD000092,6,3998.81,15,2024-09-06,2024-09-09,Shipped
ORD000294,CUS000007,PRD000045,6,6550.39,5,2025-06-29,2025-07-09,Delivered
ORD000295,CUS000002,PRD000006,5,4855.48,0,2025-04-24,2025-04-28,Delivered
ORD000296,CUS000006,PRD000019,6,5847.34,10,2025-03-10,2025-03-18,Delivered
ORD000297,CUS000003,PRD000087,1,3565.03,15,2024-12-03,2024-12-05,Shipped
ORD000298,CUS000010,PRD000022,7,4565.34,0,2025-04-29,2025-05-09,Delivered
ORD000299,CUS000005,PRD000027,3,1516.67,0,2026-04-20,2026-04-27,Delivered
ORD000300,CUS000010,PRD000065,7,5664.47,10,2024-08-15,2024-08-17,Delivered
ORD000301,CUS000005,PRD000098,9,5788.45,0,2025-12-09,2025-12-16,Delivered
ORD000302,CUS000007,PRD000021,10,147.97,20,2025-02-06,2025-02-10,Delivered
ORD000303,CUS000002,PRD000023,8,3389.11,0,2026-06-17,2026-06-19,Delivered
ORD000304,CUS000007,PRD000051,2,2674.54,5,2026-01-06,2026-01-10,Shipped
ORD000305,CUS000002,PRD000083,2,1732.49,10,2025-11-07,2025-11-11,Shipped
ORD000306,CUS000002,PRD000048,6,1311.44,20,2024-12-03,2024-12-11,Delivered
ORD000307,CUS000001,PRD000023,2,3389.11,5,2026-03-20,2026-03-26,Delivered
ORD000308,CUS000006,PRD000010,9,6697.99,15,2026-05-11,2026-05-15,Delivered
ORD000309,CUS000006,PRD000027,5,1516.67,0,2025-09-02,2025-09-12,Processing
ORD000310,CUS000004,PRD000066,7,2836.12,5,2024-11-03,2024-11-07,Delivered
ORD000311,CUS000004,PRD000078,3,4245.02,15,2025-07-13,2025-07-20,Shipped
ORD000312,CUS000009,PRD000051,5,2674.54,20,2024-07-25,2024-08-02,Delivered
ORD000313,CUS000010,PRD000098,5,5788.45,15,2025-10-12,2025-10-19,Shipped
ORD000314,CUS000007,PRD000008,6,3729.65,10,2026-01-31,2026-02-09,Delivered
ORD000315,CUS000005,PRD000030,2,249.76,20,2025-12-26,2025-12-31,Shipped
ORD000316,CUS000001,PRD000010,9,6697.99,20,2024-10-11,2024-10-17,Delivered
ORD000317,CUS000007,PRD000079,5,2369.06,0,2024-07-21,2024-07-31,Delivered
ORD000318,CUS000001,PRD000084,3,4221.36,15,2025-03-04,2025-03-10,Delivered
ORD000319,CUS000008,PRD000054,7,2773.04,15,2025-06-12,2025-06-14,Delivered
ORD000320,CUS000006,PRD000004,7,5550.4,20,2025-05-25,2025-06-02,Delivered
ORD000321,CUS000002,PRD000058,9,2587.62,20,2025-01-23,2025-01-26,Delivered
ORD000322,CUS000002,PRD000096,5,2621.93,5,2024-11-09,2024-11-19,Delivered
ORD000323,CUS000006,PRD000095,2,2671.16,5,2024-08-19,2024-08-23,Shipped
ORD000324,CUS000001,PRD000074,2,271.56,20,2024-08-27,2024-08-30,Processing
ORD000325,CUS000007,PRD000045,9,6550.39,0,2025-09-02,2025-09-09,Processing
ORD000326,CUS000004,PRD000095,9,2671.16,5,2026-04-03,2026-04-08,Delivered
ORD000327,CUS000001,PRD000061,8,5722.14,15,2024-07-14,2024-07-16,Delivered
ORD000328,CUS000001,PRD000036,7,6901.19,15,2025-03-27,2025-03-31,Delivered
ORD000329,CUS000001,PRD000095,9,2671.16,20,2026-06-14,2026-06-18,Shipped
ORD000330,CUS000003,PRD000066,1,2836.12,10,2024-12-22,2024-12-26,Delivered
ORD000331,CUS000006,PRD000034,9,1040.84,5,2025-08-28,2025-09-03,Shipped
ORD000332,CUS000004,PRD000052,7,4156.45,0,2025-05-16,2025-05-18,Delivered
ORD000333,CUS000002,PRD000075,1,1991.19,15,2024-10-24,2024-11-02,Pending
ORD000334,CUS000007,PRD000092,8,3998.81,15,2024-11-14,2024-11-16,Delivered
ORD000335,CUS000001,PRD000081,3,3489.06,20,2024-08-18,2024-08-24,Delivered
ORD000336,CUS000004,PRD000050,3,5351.29,0,2025-11-03,2025-11-13,Pending
ORD000337,CUS000007,PRD000063,9,5287.0,20,2024-08-05,2024-08-14,Shipped
ORD000338,CUS000006,PRD000007,5,3864.46,0,2026-03-15,2026-03-23,Delivered
ORD000339,CUS000005,PRD000052,2,4156.45,5,2025-10-12,2025-10-20,Shipped
ORD000340,CUS000010,PRD000010,4,6697.99,0,2025-09-25,2025-10-04,Shipped
ORD000341,CUS000002,PRD000066,1,2836.12,20,2024-07-09,2024-07-15,Delivered
ORD000342,CUS000008,PRD000079,8,2369.06,20,2025-04-05,2025-04-15,Delivered
ORD000343,CUS000005,PRD000069,2,3147.62,0,2024-09-08,2024-09-16,Delivered
ORD000344,CUS000003,PRD000047,5,7110.81,10,2025-07-20,2025-07-25,Shipped
ORD000345,CUS000001,PRD000048,4,1311.44,15,2025-06-15,2025-06-18,Shipped
ORD000346,CUS000006,PRD000044,2,1777.33,20,2024-11-17,2024-11-19,Delivered
ORD000347,CUS000007,PRD000043,10,5873.66,20,2025-08-18,2025-08-23,Delivered
ORD000348,CUS000002,PRD000100,2,1135.65,5,2025-08-25,2025-08-30,Delivered
ORD000349,CUS000004,PRD000057,4,5301.14,15,2025-02-14,2025-02-23,Delivered
ORD000350,CUS000009,PRD000043,3,5873.66,15,2025-07-03,2025-07-10,Delivered
ORD000351,CUS000003,PRD000067,5,5334.45,0,2025-06-27,2025-07-05,Delivered
ORD000352,CUS000008,PRD000083,8,1732.49,15,2025-12-23,2026-01-02,Processing
ORD000353,CUS000007,PRD000035,5,5931.87,10,2025-05-17,2025-05-22,Shipped
ORD000354,CUS000009,PRD000052,4,4156.45,5,2026-01-29,2026-02-07,Delivered
ORD000355,CUS000004,PRD000031,4,4050.1,20,2026-04-03,2026-04-12,Delivered
ORD000356,CUS000005,PRD000071,3,1020.08,10,2024-11-15,2024-11-22,Delivered
ORD000357,CUS000009,PRD000086,4,2297.46,20,2026-02-02,2026-02-07,Delivered
ORD000358,CUS000003,PRD000045,6,6550.39,5,2025-12-05,2025-12-07,Delivered
ORD000359,CUS000009,PRD000008,9,3729.65,10,2024-09-22,2024-09-30,Shipped
ORD000360,CUS000003,PRD000012,4,1025.51,20,2026-03-23,2026-03-25,Processing
ORD000361,CUS000008,PRD000075,6,1991.19,20,2026-05-19,2026-05-28,Delivered
ORD000362,CUS000006,PRD000052,3,4156.45,15,2025-09-07,2025-09-15,Delivered
ORD000363,CUS000001,PRD000054,7,2773.04,0,2025-12-08,2025-12-12,Delivered
ORD000364,CUS000006,PRD000011,7,1878.45,0,2024-12-01,2024-12-10,Delivered
ORD000365,CUS000003,PRD000061,2,5722.14,10,2025-05-22,2025-05-26,Delivered
ORD000366,CUS000003,PRD000074,1,271.56,20,2024-10-25,2024-11-02,Shipped
ORD000367,CUS000006,PRD000097,2,172.02,20,2025-02-05,2025-02-10,Delivered
ORD000368,CUS000001,PRD000062,6,6948.99,5,2025-09-20,2025-09-24,Shipped
ORD000369,CUS000005,PRD000100,7,1135.65,20,2026-05-28,2026-05-31,Processing
ORD000370,CUS000004,PRD000022,8,4565.34,20,2024-07-16,2024-07-24,Delivered
ORD000371,CUS000002,PRD000081,9,3489.06,0,2024-08-21,2024-08-25,Delivered
ORD000372,CUS000007,PRD000082,1,5074.26,0,2025-07-19,2025-07-27,Delivered
ORD000373,CUS000010,PRD000086,7,2297.46,5,2026-06-06,2026-06-10,Delivered
ORD000374,CUS000007,PRD000091,1,4548.45,10,2025-07-17,2025-07-24,Delivered
ORD000375,CUS000001,PRD000016,10,4620.55,20,2025-09-11,2025-09-16,Delivered
ORD000376,CUS000007,PRD000085,8,1788.74,0,2024-07-27,2024-08-01,Cancelled
ORD000377,CUS000007,PRD000081,10,3489.06,15,2025-08-22,2025-08-26,Shipped
ORD000378,CUS000009,PRD000078,9,4245.02,15,2025-06-10,2025-06-15,Delivered
ORD000379,CUS000006,PRD000021,3,147.97,15,2025-02-18,2025-02-28,Delivered
ORD000380,CUS000005,PRD000064,8,3922.48,15,2024-09-11,2024-09-14,Pending
ORD000381,CUS000009,PRD000049,5,3079.09,15,2025-08-06,2025-08-10,Delivered
ORD000382,CUS000002,PRD000070,8,1251.07,5,2025-11-29,2025-12-06,Processing
ORD000383,CUS000007,PRD000032,8,4825.67,10,2025-11-29,2025-12-08,Pending
ORD000384,CUS000002,PRD000096,8,2621.93,10,2026-06-08,2026-06-18,Delivered
ORD000385,CUS000001,PRD000079,3,2369.06,0,2025-03-11,2025-03-17,Delivered
ORD000386,CUS000002,PRD000045,4,6550.39,15,2025-04-25,2025-04-29,Shipped
ORD000387,CUS000005,PRD000018,2,2802.09,0,2026-04-22,2026-04-25,Cancelled
ORD000388,CUS000002,PRD000085,1,1788.74,5,2026-01-26,2026-01-31,Processing
ORD000389,CUS000009,PRD000052,1,4156.45,5,2025-01-12,2025-01-15,Processing
ORD000390,CUS000003,PRD000075,2,1991.19,15,2024-10-20,2024-10-24,Delivered
ORD000391,CUS000002,PRD000074,9,271.56,20,2024-10-28,2024-11-02,Shipped
ORD000392,CUS000006,PRD000016,8,4620.55,0,2026-06-06,2026-06-10,Delivered
ORD000393,CUS000005,PRD000029,1,2832.15,15,2025-06-16,2025-06-23,Delivered
ORD000394,CUS000009,PRD000053,3,7578.94,20,2026-03-13,2026-03-19,Pending
ORD000395,CUS000005,PRD000056,7,4605.94,0,2025-09-27,2025-10-05,Shipped
ORD000396,CUS000008,PRD000023,6,3389.11,0,2024-08-07,2024-08-11,Shipped
ORD000397,CUS000006,PRD000041,9,3276.99,10,2026-04-18,2026-04-28,Cancelled
ORD000398,CUS000002,PRD000019,1,5847.34,20,2026-04-05,2026-04-13,Processing
ORD000399,CUS000004,PRD000085,5,1788.74,15,2025-06-01,2025-06-05,Delivered
ORD000400,CUS000006,PRD000021,9,147.97,15,2026-05-08,2026-05-17,Shipped
ORD000401,CUS000004,PRD000081,7,3489.06,10,2025-03-18,2025-03-24,Delivered
ORD000402,CUS000005,PRD000033,4,4608.11,10,2024-12-11,2024-12-17,Delivered
ORD000403,CUS000006,PRD000094,2,6100.54,15,2025-07-16,2025-07-24,Delivered
ORD000404,CUS000010,PRD000021,3,147.97,5,2024-11-27,2024-12-06,Delivered
ORD000405,CUS000007,PRD000027,10,1516.67,0,2025-02-22,2025-03-01,Processing
ORD000406,CUS000010,PRD000022,9,4565.34,0,2025-09-01,2025-09-07,Delivered
ORD000407,CUS000010,PRD000045,8,6550.39,0,2025-09-03,2025-09-06,Delivered
ORD000408,CUS000001,PRD000039,1,823.67,10,2025-06-02,2025-06-08,Delivered
ORD000409,CUS000005,PRD000045,8,6550.39,0,2025-07-28,2025-08-04,Delivered
ORD000410,CUS000005,PRD000045,8,6550.39,5,2025-07-21,2025-07-29,Delivered
ORD000411,CUS000002,PRD000092,9,3998.81,0,2025-03-31,2025-04-09,Delivered
ORD000412,CUS000002,PRD000097,7,172.02,5,2025-09-17,2025-09-25,Delivered
ORD000413,CUS000005,PRD000071,7,1020.08,15,2026-01-31,2026-02-07,Shipped
ORD000414,CUS000010,PRD000071,2,1020.08,20,2025-09-17,2025-09-22,Delivered
ORD000415,CUS000010,PRD000075,3,1991.19,10,2025-05-28,2025-06-04,Delivered
ORD000416,CUS000001,PRD000006,6,4855.48,5,2025-11-10,2025-11-16,Delivered
ORD000417,CUS000004,PRD000044,4,1777.33,15,2026-03-25,2026-03-30,Delivered
ORD000418,CUS000008,PRD000044,4,1777.33,10,2024-11-18,2024-11-20,Processing
ORD000419,CUS000004,PRD000100,3,1135.65,0,2026-01-20,2026-01-30,Shipped
ORD000420,CUS000006,PRD000099,1,3328.3,10,2025-10-21,2025-10-27,Delivered
ORD000421,CUS000005,PRD000070,4,1251.07,20,2024-08-11,2024-08-18,Shipped
ORD000422,CUS000010,PRD000062,1,6948.99,10,2024-12-03,2024-12-11,Delivered
ORD000423,CUS000001,PRD000089,5,4203.87,15,2024-08-07,2024-08-10,Delivered
ORD000424,CUS000008,PRD000090,2,4901.42,15,2024-12-09,2024-12-11,Delivered
ORD000425,CUS000003,PRD000066,8,2836.12,15,2026-05-07,2026-05-10,Delivered
ORD000426,CUS000004,PRD000091,6,4548.45,20,2024-12-12,2024-12-16,Processing
ORD000427,CUS000008,PRD000040,5,4388.26,15,2024-07-13,2024-07-19,Pending
ORD000428,CUS000009,PRD000092,10,3998.81,10,2024-10-10,2024-10-12,Shipped
ORD000429,CUS000010,PRD000026,4,7079.23,20,2025-07-10,2025-07-18,Delivered
ORD000430,CUS000001,PRD000041,7,3276.99,5,2024-08-20,2024-08-28,Delivered
ORD000431,CUS000001,PRD000041,1,3276.99,10,2025-11-01,2025-11-06,Shipped
ORD000432,CUS000010,PRD000035,9,5931.87,20,2025-08-28,2025-09-05,Pending
ORD000433,CUS000008,PRD000021,9,147.97,15,2024-07-31,2024-08-10,Delivered
ORD000434,CUS000010,PRD000033,3,4608.11,10,2025-11-01,2025-11-09,Processing
ORD000435,CUS000005,PRD000014,2,3666.41,20,2025-06-22,2025-06-30,Shipped
ORD000436,CUS000006,PRD000077,2,2715.47,5,2025-01-16,2025-01-20,Delivered
ORD000437,CUS000002,PRD000036,8,6901.19,20,2025-12-26,2025-12-30,Delivered
ORD000438,CUS000001,PRD000001,2,4563.53,15,2025-02-13,2025-02-23,Shipped
ORD000439,CUS000005,PRD000009,2,4036.02,15,2026-01-17,2026-01-27,Delivered
ORD000440,CUS000009,PRD000036,3,6901.19,5,2026-06-16,2026-06-22,Delivered
ORD000441,CUS000008,PRD000070,8,1251.07,20,2025-03-05,2025-03-09,Delivered
ORD000442,CUS000009,PRD000059,10,4905.87,20,2025-06-27,2025-06-29,Delivered
ORD000443,CUS000001,PRD000047,5,7110.81,5,2026-05-31,2026-06-07,Delivered
ORD000444,CUS000010,PRD000034,1,1040.84,10,2026-02-01,2026-02-10,Shipped
ORD000445,CUS000005,PRD000024,6,2778.0,15,2025-01-12,2025-01-20,Shipped
ORD000446,CUS000010,PRD000082,10,5074.26,5,2025-09-06,2025-09-13,Shipped
ORD000447,CUS000003,PRD000032,1,4825.67,0,2025-03-23,2025-04-01,Processing
ORD000448,CUS000009,PRD000031,8,4050.1,0,2025-02-07,2025-02-14,Delivered
ORD000449,CUS000005,PRD000062,2,6948.99,15,2025-12-09,2025-12-19,Shipped
ORD000450,CUS000003,PRD000076,1,1750.3,20,2025-03-05,2025-03-12,Shipped
ORD000451,CUS000004,PRD000035,8,5931.87,10,2025-01-18,2025-01-25,Delivered
ORD000452,CUS000004,PRD000065,6,5664.47,20,2024-10-13,2024-10-15,Shipped
ORD000453,CUS000010,PRD000063,3,5287.0,15,2024-11-22,2024-11-25,Processing
ORD000454,CUS000007,PRD000003,6,6249.34,15,2024-08-20,2024-08-27,Delivered
ORD000455,CUS000009,PRD000052,1,4156.45,5,2025-09-27,2025-10-06,Processing
ORD000456,CUS000004,PRD000079,1,2369.06,5,2026-06-01,2026-06-11,Delivered
ORD000457,CUS000002,PRD000060,9,6799.26,5,2025-08-15,2025-08-17,Delivered
ORD000458,CUS000006,PRD000062,3,6948.99,20,2025-03-31,2025-04-05,Delivered
ORD000459,CUS000006,PRD000084,2,4221.36,10,2025-06-10,2025-06-16,Delivered
ORD000460,CUS000007,PRD000086,9,2297.46,20,2025-03-12,2025-03-21,Delivered
ORD000461,CUS000007,PRD000006,1,4855.48,5,2026-03-09,2026-03-17,Delivered
ORD000462,CUS000009,PRD000061,8,5722.14,15,2024-10-11,2024-10-17,Delivered
ORD000463,CUS000005,PRD000027,5,1516.67,20,2024-11-20,2024-11-26,Delivered
ORD000464,CUS000007,PRD000064,6,3922.48,20,2024-09-14,2024-09-22,Pending
ORD000465,CUS000007,PRD000066,3,2836.12,15,2024-12-31,2025-01-08,Pending
ORD000466,CUS000004,PRD000018,6,2802.09,5,2025-04-23,2025-04-30,Pending
ORD000467,CUS000002,PRD000042,10,3128.47,20,2026-05-31,2026-06-10,Delivered
ORD000468,CUS000005,PRD000100,10,1135.65,0,2024-12-12,2024-12-17,Delivered
ORD000469,CUS000002,PRD000086,1,2297.46,0,2026-04-21,2026-04-25,Delivered
ORD000470,CUS000002,PRD000033,10,4608.11,15,2025-02-10,2025-02-18,Delivered
ORD000471,CUS000004,PRD000004,6,5550.4,15,2026-03-10,2026-03-15,Delivered
ORD000472,CUS000007,PRD000046,9,452.81,10,2026-04-03,2026-04-11,Processing
ORD000473,CUS000004,PRD000098,5,5788.45,10,2024-06-28,2024-07-08,Shipped
ORD000474,CUS000006,PRD000035,7,5931.87,5,2026-02-07,2026-02-10,Delivered
ORD000475,CUS000006,PRD000007,6,3864.46,20,2025-06-29,2025-07-05,Delivered
ORD000476,CUS000010,PRD000004,8,5550.4,5,2025-02-14,2025-02-19,Delivered
ORD000477,CUS000006,PRD000026,5,7079.23,15,2026-05-03,2026-05-06,Delivered
ORD000478,CUS000006,PRD000094,9,6100.54,5,2025-06-08,2025-06-11,Shipped
ORD000479,CUS000010,PRD000068,1,3352.05,20,2024-10-19,2024-10-24,Pending
ORD000480,CUS000010,PRD000037,5,5545.14,15,2024-12-25,2025-01-03,Shipped
ORD000481,CUS000009,PRD000045,9,6550.39,15,2024-07-24,2024-07-30,Delivered
ORD000482,CUS000009,PRD000079,1,2369.06,5,2025-09-11,2025-09-15,Delivered
ORD000483,CUS000003,PRD000057,8,5301.14,10,2025-12-23,2025-12-29,Shipped
ORD000484,CUS000008,PRD000049,8,3079.09,5,2026-04-22,2026-05-02,Delivered
ORD000485,CUS000005,PRD000095,5,2671.16,15,2025-03-29,2025-04-07,Delivered
ORD000486,CUS000002,PRD000030,8,249.76,15,2026-06-02,2026-06-11,Delivered
ORD000487,CUS000004,PRD000071,8,1020.08,0,2025-06-05,2025-06-11,Delivered
ORD000488,CUS000002,PRD000064,2,3922.48,5,2024-10-11,2024-10-21,Delivered
ORD000489,CUS000008,PRD000043,2,5873.66,5,2025-05-30,2025-06-02,Delivered
ORD000490,CUS000004,PRD000073,5,2858.44,15,2025-10-20,2025-10-29,Delivered
ORD000491,CUS000003,PRD000050,6,5351.29,0,2025-12-13,2025-12-15,Delivered
ORD000492,CUS000001,PRD000097,7,172.02,15,2024-11-16,2024-11-22,Cancelled
ORD000493,CUS000004,PRD000077,8,2715.47,15,2025-11-07,2025-11-13,Delivered
ORD000494,CUS000004,PRD000019,10,5847.34,15,2024-08-29,2024-09-06,Delivered
ORD000495,CUS000009,PRD000050,5,5351.29,5,2026-02-26,2026-03-07,Shipped
ORD000496,CUS000007,PRD000048,2,1311.44,5,2024-11-14,2024-11-18,Delivered
ORD000497,CUS000008,PRD000014,10,3666.41,5,2025-02-12,2025-02-15,Cancelled
ORD000498,CUS000005,PRD000060,9,6799.26,20,2025-10-06,2025-10-16,Pending
ORD000499,CUS000007,PRD000035,6,5931.87,15,2025-05-09,2025-05-15,Delivered
ORD000500,CUS000002,PRD000078,6,4245.02,15,2024-10-08,2024-10-10,Delivered
ORD000501,CUS000007,PRD000081,9,3489.06,20,2024-11-15,2024-11-17,Delivered
ORD000502,CUS000004,PRD000100,10,1135.65,15,2024-07-28,2024-08-05,Delivered
ORD000503,CUS000006,PRD000038,4,1986.29,15,2025-01-05,2025-01-09,Processing
ORD000504,CUS000010,PRD000075,1,1991.19,0,2024-10-04,2024-10-07,Processing
ORD000505,CUS000010,PRD000019,1,5847.34,20,2025-12-19,2025-12-21,Delivered
ORD000506,CUS000010,PRD000012,5,1025.51,10,2026-06-08,2026-06-12,Cancelled
ORD000507,CUS000001,PRD000063,1,5287.0,20,2026-06-08,2026-06-14,Delivered
ORD000508,CUS000003,PRD000014,2,3666.41,0,2025-09-21,2025-09-24,Delivered
ORD000509,CUS000004,PRD000095,5,2671.16,15,2025-11-27,2025-11-29,Delivered
ORD000510,CUS000006,PRD000022,2,4565.34,5,2026-02-14,2026-02-19,Delivered
ORD000511,CUS000002,PRD000084,3,4221.36,10,2026-03-10,2026-03-16,Delivered
ORD000512,CUS000005,PRD000020,1,221.05,10,2025-04-30,2025-05-07,Shipped
ORD000513,CUS000003,PRD000002,4,191.43,5,2025-03-31,2025-04-06,Cancelled
ORD000514,CUS000003,PRD000092,9,3998.81,0,2026-06-24,2026-06-29,Delivered
ORD000515,CUS000009,PRD000046,10,452.81,15,2026-04-20,2026-04-28,Delivered
ORD000516,CUS000007,PRD000079,9,2369.06,0,2026-05-08,2026-05-16,Delivered
ORD000517,CUS000008,PRD000088,2,704.72,15,2026-01-04,2026-01-07,Delivered
ORD000518,CUS000006,PRD000087,2,3565.03,15,2025-01-30,2025-02-06,Delivered
ORD000519,CUS000005,PRD000037,1,5545.14,5,2025-05-17,2025-05-24,Delivered
ORD000520,CUS000010,PRD000098,9,5788.45,15,2026-02-05,2026-02-08,Cancelled
ORD000521,CUS000001,PRD000028,6,3083.23,15,2024-12-20,2024-12-24,Delivered
ORD000522,CUS000001,PRD000026,7,7079.23,15,2025-08-07,2025-08-15,Delivered
ORD000523,CUS000006,PRD000054,3,2773.04,5,2026-04-10,2026-04-13,Delivered
ORD000524,CUS000002,PRD000065,8,5664.47,5,2025-07-11,2025-07-15,Delivered
ORD000525,CUS000004,PRD000054,5,2773.04,15,2026-06-06,2026-06-15,Delivered
ORD000526,CUS000004,PRD000005,10,5546.35,15,2026-01-17,2026-01-19,Delivered
ORD000527,CUS000010,PRD000062,6,6948.99,20,2026-06-17,2026-06-22,Pending
ORD000528,CUS000001,PRD000035,6,5931.87,10,2024-10-25,2024-11-03,Shipped
ORD000529,CUS000005,PRD000078,7,4245.02,15,2024-12-20,2024-12-22,Delivered
ORD000530,CUS000002,PRD000022,8,4565.34,10,2025-08-23,2025-08-29,Shipped
ORD000531,CUS000007,PRD000040,6,4388.26,5,2026-01-30,2026-02-08,Delivered
ORD000532,CUS000003,PRD000086,5,2297.46,15,2025-07-25,2025-07-27,Shipped
ORD000533,CUS000008,PRD000034,9,1040.84,15,2025-04-24,2025-05-04,Delivered
ORD000534,CUS000006,PRD000076,2,1750.3,5,2026-04-24,2026-04-30,Delivered
ORD000535,CUS000001,PRD000035,1,5931.87,15,2025-11-20,2025-11-27,Delivered
ORD000536,CUS000002,PRD000028,5,3083.23,0,2024-08-13,2024-08-15,Cancelled
ORD000537,CUS000008,PRD000003,2,6249.34,20,2024-11-15,2024-11-24,Delivered
ORD000538,CUS000006,PRD000001,9,4563.53,0,2024-08-29,2024-09-04,Delivered
ORD000539,CUS000006,PRD000049,8,3079.09,10,2025-08-04,2025-08-10,Delivered
ORD000540,CUS000005,PRD000047,7,7110.81,0,2025-05-20,2025-05-26,Delivered
ORD000541,CUS000001,PRD000021,2,147.97,5,2024-11-29,2024-12-05,Delivered
ORD000542,CUS000008,PRD000027,2,1516.67,20,2025-03-05,2025-03-14,Delivered
ORD000543,CUS000007,PRD000095,8,2671.16,5,2025-05-05,2025-05-07,Shipped
ORD000544,CUS000009,PRD000002,1,191.43,20,2024-08-21,2024-08-25,Delivered
ORD000545,CUS000001,PRD000070,4,1251.07,10,2025-11-14,2025-11-23,Delivered
ORD000546,CUS000002,PRD000055,1,574.5,20,2025-04-12,2025-04-15,Delivered
ORD000547,CUS000002,PRD000006,10,4855.48,20,2024-11-25,2024-11-28,Shipped
ORD000548,CUS000009,PRD000027,9,1516.67,5,2025-06-08,2025-06-16,Delivered
ORD000549,CUS000002,PRD000064,10,3922.48,15,2024-09-01,2024-09-08,Shipped
ORD000550,CUS000004,PRD000012,9,1025.51,15,2025-07-23,2025-07-31,Processing
ORD000551,CUS000005,PRD000066,1,2836.12,0,2024-11-13,2024-11-15,Delivered
ORD000552,CUS000001,PRD000098,1,5788.45,0,2024-07-26,2024-08-01,Delivered
ORD000553,CUS000009,PRD000045,4,6550.39,15,2024-10-13,2024-10-15,Delivered
ORD000554,CUS000007,PRD000038,2,1986.29,15,2024-07-10,2024-07-15,Delivered
ORD000555,CUS000001,PRD000025,2,7094.08,10,2025-10-10,2025-10-13,Processing
ORD000556,CUS000010,PRD000098,10,5788.45,15,2025-12-25,2025-12-30,Shipped
ORD000557,CUS000001,PRD000018,2,2802.09,15,2024-08-07,2024-08-13,Delivered
ORD000558,CUS000008,PRD000014,10,3666.41,10,2026-03-27,2026-03-29,Delivered
ORD000559,CUS000009,PRD000037,1,5545.14,10,2026-02-25,2026-03-01,Delivered
ORD000560,CUS000003,PRD000084,8,4221.36,10,2025-10-23,2025-10-27,Pending
ORD000561,CUS000008,PRD000046,5,452.81,20,2025-03-07,2025-03-10,Delivered
ORD000562,CUS000009,PRD000036,9,6901.19,5,2024-10-01,2024-10-10,Delivered
ORD000563,CUS000002,PRD000020,3,221.05,0,2026-04-23,2026-04-27,Cancelled
ORD000564,CUS000010,PRD000019,4,5847.34,10,2024-08-18,2024-08-26,Processing
ORD000565,CUS000001,PRD000098,1,5788.45,10,2024-10-14,2024-10-17,Cancelled
ORD000566,CUS000001,PRD000027,5,1516.67,20,2025-07-09,2025-07-15,Delivered
ORD000567,CUS000003,PRD000068,9,3352.05,20,2026-01-06,2026-01-14,Processing
ORD000568,CUS000010,PRD000052,7,4156.45,20,2024-11-30,2024-12-04,Delivered
ORD000569,CUS000006,PRD000043,9,5873.66,10,2025-04-27,2025-05-04,Shipped
ORD000570,CUS000004,PRD000024,3,2778.0,15,2025-08-08,2025-08-10,Delivered
ORD000571,CUS000010,PRD000048,5,1311.44,10,2025-08-12,2025-08-21,Pending
ORD000572,CUS000010,PRD000064,6,3922.48,20,2024-08-31,2024-09-10,Pending
ORD000573,CUS000003,PRD000029,4,2832.15,10,2025-04-06,2025-04-08,Processing
ORD000574,CUS000009,PRD000014,1,3666.41,15,2024-10-14,2024-10-23,Shipped
ORD000575,CUS000008,PRD000084,5,4221.36,5,2025-06-19,2025-06-26,Delivered
ORD000576,CUS000003,PRD000095,5,2671.16,0,2026-04-03,2026-04-06,Shipped
ORD000577,CUS000004,PRD000012,5,1025.51,5,2026-06-18,2026-06-21,Delivered
ORD000578,CUS000008,PRD000052,1,4156.45,0,2024-11-23,2024-12-01,Delivered
ORD000579,CUS000009,PRD000041,3,3276.99,10,2024-10-31,2024-11-02,Delivered
ORD000580,CUS000003,PRD000037,7,5545.14,5,2024-08-24,2024-08-31,Delivered
ORD000581,CUS000004,PRD000032,5,4825.67,0,2024-12-20,2024-12-25,Delivered
ORD000582,CUS000001,PRD000078,1,4245.02,0,2026-03-14,2026-03-22,Delivered
ORD000583,CUS000003,PRD000051,8,2674.54,5,2026-02-16,2026-02-21,Delivered
ORD000584,CUS000004,PRD000002,4,191.43,15,2024-08-16,2024-08-26,Delivered
ORD000585,CUS000006,PRD000054,4,2773.04,15,2026-05-28,2026-06-03,Delivered
ORD000586,CUS000009,PRD000066,8,2836.12,15,2024-10-18,2024-10-28,Shipped
ORD000587,CUS000009,PRD000032,7,4825.67,15,2026-04-04,2026-04-08,Delivered
ORD000588,CUS000004,PRD000043,3,5873.66,0,2026-01-11,2026-01-17,Delivered
ORD000589,CUS000006,PRD000064,8,3922.48,10,2025-12-05,2025-12-12,Delivered
ORD000590,CUS000007,PRD000062,5,6948.99,15,2024-07-29,2024-08-03,Shipped
ORD000591,CUS000001,PRD000072,2,1475.07,0,2025-10-05,2025-10-07,Shipped
ORD000592,CUS000008,PRD000031,10,4050.1,20,2025-09-06,2025-09-14,Processing
ORD000593,CUS000003,PRD000020,3,221.05,5,2025-02-05,2025-02-08,Delivered
ORD000594,CUS000008,PRD000095,1,2671.16,15,2025-09-24,2025-09-30,Shipped
ORD000595,CUS000004,PRD000046,7,452.81,10,2026-01-24,2026-02-01,Shipped
ORD000596,CUS000002,PRD000097,1,172.02,5,2024-09-07,2024-09-16,Processing
ORD000597,CUS000001,PRD000047,4,7110.81,0,2024-11-28,2024-12-08,Delivered
ORD000598,CUS000007,PRD000055,9,574.5,0,2025-03-24,2025-03-30,Delivered
ORD000599,CUS000002,PRD000066,10,2836.12,20,2025-05-03,2025-05-06,Shipped
ORD000600,CUS000007,PRD000057,7,5301.14,0,2026-04-27,2026-05-07,Delivered
ORD000601,CUS000002,PRD000057,2,5301.14,5,2025-09-24,2025-09-26,Delivered
ORD000602,CUS000001,PRD000039,7,823.67,10,2024-09-10,2024-09-17,Shipped
ORD000603,CUS000010,PRD000009,9,4036.02,5,2025-07-29,2025-08-01,Delivered
ORD000604,CUS000005,PRD000038,1,1986.29,15,2025-12-18,2025-12-25,Delivered
ORD000605,CUS000009,PRD000020,8,221.05,20,2025-06-26,2025-07-03,Delivered
ORD000606,CUS000003,PRD000086,6,2297.46,20,2024-11-22,2024-12-01,Delivered
ORD000607,CUS000010,PRD000090,10,4901.42,20,2024-10-16,2024-10-24,Shipped
ORD000608,CUS000004,PRD000038,1,1986.29,5,2025-10-06,2025-10-12,Cancelled
ORD000609,CUS000008,PRD000073,4,2858.44,20,2024-11-29,2024-12-03,Delivered
ORD000610,CUS000007,PRD000050,5,5351.29,20,2026-06-16,2026-06-19,Delivered
ORD000611,CUS000001,PRD000071,9,1020.08,15,2026-03-21,2026-03-25,Pending
ORD000612,CUS000008,PRD000042,5,3128.47,15,2025-06-09,2025-06-12,Delivered
ORD000613,CUS000001,PRD000078,4,4245.02,5,2024-11-04,2024-11-11,Delivered
ORD000614,CUS000003,PRD000089,9,4203.87,0,2024-08-15,2024-08-20,Delivered
ORD000615,CUS000002,PRD000053,4,7578.94,20,2025-11-26,2025-12-04,Delivered
ORD000616,CUS000003,PRD000046,9,452.81,20,2026-03-28,2026-04-02,Shipped
ORD000617,CUS000003,PRD000062,7,6948.99,10,2026-05-23,2026-05-30,Shipped
ORD000618,CUS000007,PRD000082,9,5074.26,10,2024-11-30,2024-12-06,Processing
ORD000619,CUS000002,PRD000100,6,1135.65,10,2026-06-11,2026-06-19,Delivered
ORD000620,CUS000008,PRD000067,4,5334.45,10,2025-08-02,2025-08-10,Delivered
ORD000621,CUS000010,PRD000080,2,5108.67,0,2025-12-19,2025-12-21,Delivered
ORD000622,CUS000002,PRD000003,5,6249.34,0,2024-12-27,2025-01-05,Cancelled
ORD000623,CUS000010,PRD000064,2,3922.48,10,2024-12-26,2025-01-01,Processing
ORD000624,CUS000008,PRD000048,1,1311.44,20,2025-06-28,2025-07-08,Delivered
ORD000625,CUS000001,PRD000099,10,3328.3,20,2025-01-18,2025-01-27,Delivered
ORD000626,CUS000006,PRD000083,3,1732.49,0,2026-02-12,2026-02-22,Delivered
ORD000627,CUS000007,PRD000084,1,4221.36,10,2025-01-06,2025-01-16,Delivered
ORD000628,CUS000002,PRD000092,9,3998.81,20,2025-11-26,2025-12-05,Delivered
ORD000629,CUS000006,PRD000036,8,6901.19,10,2026-04-10,2026-04-12,Shipped
ORD000630,CUS000004,PRD000098,10,5788.45,15,2025-11-20,2025-11-27,Delivered
ORD000631,CUS000004,PRD000092,6,3998.81,10,2026-02-14,2026-02-24,Delivered
ORD000632,CUS000010,PRD000078,2,4245.02,15,2026-06-09,2026-06-13,Delivered
ORD000633,CUS000004,PRD000011,4,1878.45,20,2024-11-27,2024-11-30,Pending
ORD000634,CUS000006,PRD000094,8,6100.54,20,2025-12-19,2025-12-29,Delivered
ORD000635,CUS000004,PRD000054,5,2773.04,0,2026-05-15,2026-05-18,Delivered
ORD000636,CUS000005,PRD000026,4,7079.23,20,2026-06-18,2026-06-27,Shipped
ORD000637,CUS000009,PRD000028,5,3083.23,20,2025-03-20,2025-03-24,Processing
ORD000638,CUS000010,PRD000048,5,1311.44,15,2025-04-21,2025-04-27,Delivered
ORD000639,CUS000010,PRD000043,3,5873.66,5,2026-01-04,2026-01-12,Processing
ORD000640,CUS000006,PRD000068,10,3352.05,20,2024-09-25,2024-10-03,Delivered
ORD000641,CUS000008,PRD000062,4,6948.99,10,2025-05-28,2025-06-02,Pending
ORD000642,CUS000005,PRD000073,6,2858.44,0,2025-10-23,2025-10-28,Shipped
ORD000643,CUS000002,PRD000091,10,4548.45,15,2025-10-18,2025-10-26,Processing
ORD000644,CUS000006,PRD000010,2,6697.99,20,2025-01-12,2025-01-16,Delivered
ORD000645,CUS000004,PRD000064,1,3922.48,20,2025-05-07,2025-05-13,Processing
ORD000646,CUS000002,PRD000068,5,3352.05,0,2024-09-26,2024-10-05,Delivered
ORD000647,CUS000005,PRD000017,4,1137.77,20,2025-11-16,2025-11-21,Delivered
ORD000648,CUS000006,PRD000042,10,3128.47,10,2026-04-09,2026-04-18,Shipped
ORD000649,CUS000008,PRD000020,6,221.05,5,2025-09-23,2025-10-01,Processing
ORD000650,CUS000005,PRD000001,4,4563.53,0,2025-02-24,2025-03-03,Delivered
ORD000651,CUS000005,PRD000072,5,1475.07,15,2024-09-23,2024-10-02,Shipped
ORD000652,CUS000006,PRD000048,8,1311.44,15,2026-06-27,2026-06-29,Delivered
ORD000653,CUS000004,PRD000065,4,5664.47,0,2025-09-06,2025-09-14,Delivered
ORD000654,CUS000003,PRD000066,8,2836.12,10,2025-10-23,2025-10-31,Delivered
ORD000655,CUS000001,PRD000022,5,4565.34,10,2025-03-23,2025-03-25,Delivered
ORD000656,CUS000004,PRD000046,5,452.81,5,2025-07-08,2025-07-10,Shipped
ORD000657,CUS000001,PRD000009,7,4036.02,10,2025-05-02,2025-05-07,Delivered
ORD000658,CUS000005,PRD000030,3,249.76,10,2025-04-17,2025-04-21,Delivered
ORD000659,CUS000007,PRD000037,10,5545.14,5,2025-05-19,2025-05-27,Delivered
ORD000660,CUS000002,PRD000053,1,7578.94,15,2024-08-21,2024-08-26,Shipped
ORD000661,CUS000006,PRD000089,8,4203.87,15,2025-11-07,2025-11-16,Delivered
ORD000662,CUS000007,PRD000054,5,2773.04,10,2025-02-20,2025-03-01,Shipped
ORD000663,CUS000008,PRD000029,10,2832.15,5,2026-06-23,2026-06-28,Delivered
ORD000664,CUS000002,PRD000020,4,221.05,0,2025-09-10,2025-09-16,Shipped
ORD000665,CUS000001,PRD000005,4,5546.35,15,2024-07-26,2024-07-30,Delivered
ORD000666,CUS000006,PRD000077,10,2715.47,10,2025-06-01,2025-06-09,Processing
ORD000667,CUS000007,PRD000071,2,1020.08,15,2025-05-29,2025-05-31,Delivered
ORD000668,CUS000005,PRD000015,4,3617.25,15,2025-04-06,2025-04-16,Delivered
ORD000669,CUS000006,PRD000015,4,3617.25,15,2025-12-08,2025-12-10,Shipped
ORD000670,CUS000006,PRD000005,10,5546.35,20,2025-11-20,2025-11-30,Shipped
ORD000671,CUS000010,PRD000037,4,5545.14,0,2025-12-20,2025-12-25,Delivered
ORD000672,CUS000002,PRD000072,2,1475.07,5,2025-05-18,2025-05-22,Delivered
ORD000673,CUS000007,PRD000010,1,6697.99,15,2026-06-09,2026-06-16,Delivered
ORD000674,CUS000006,PRD000060,1,6799.26,20,2026-02-18,2026-02-28,Processing
ORD000675,CUS000006,PRD000080,10,5108.67,0,2024-08-23,2024-09-01,Delivered
ORD000676,CUS000006,PRD000058,6,2587.62,5,2025-07-19,2025-07-26,Delivered
ORD000677,CUS000007,PRD000059,3,4905.87,20,2026-06-06,2026-06-15,Shipped
ORD000678,CUS000006,PRD000059,2,4905.87,20,2025-07-24,2025-08-03,Delivered
ORD000679,CUS000007,PRD000023,9,3389.11,5,2025-11-14,2025-11-16,Delivered
ORD000680,CUS000005,PRD000044,10,1777.33,0,2026-06-22,2026-06-25,Delivered
ORD000681,CUS000007,PRD000043,8,5873.66,0,2025-05-11,2025-05-18,Processing
ORD000682,CUS000004,PRD000050,6,5351.29,10,2026-03-24,2026-03-29,Delivered
ORD000683,CUS000009,PRD000078,7,4245.02,10,2025-05-22,2025-06-01,Delivered
ORD000684,CUS000003,PRD000016,9,4620.55,0,2024-06-28,2024-07-08,Processing
ORD000685,CUS000008,PRD000029,4,2832.15,5,2024-12-11,2024-12-21,Shipped
ORD000686,CUS000007,PRD000099,6,3328.3,5,2026-05-30,2026-06-08,Shipped
ORD000687,CUS000002,PRD000082,5,5074.26,0,2024-10-20,2024-10-30,Delivered
ORD000688,CUS000004,PRD000031,1,4050.1,15,2026-05-24,2026-06-03,Shipped
ORD000689,CUS000003,PRD000011,6,1878.45,0,2025-10-05,2025-10-12,Delivered
ORD000690,CUS000005,PRD000058,6,2587.62,5,2025-10-15,2025-10-25,Delivered
ORD000691,CUS000003,PRD000089,5,4203.87,10,2025-10-20,2025-10-28,Shipped
ORD000692,CUS000005,PRD000043,7,5873.66,5,2026-03-27,2026-04-06,Delivered
ORD000693,CUS000001,PRD000009,3,4036.02,10,2026-03-03,2026-03-07,Delivered
ORD000694,CUS000010,PRD000093,7,6774.8,20,2024-11-10,2024-11-19,Processing
ORD000695,CUS000007,PRD000050,9,5351.29,10,2025-02-02,2025-02-08,Delivered
ORD000696,CUS000006,PRD000058,10,2587.62,10,2025-12-05,2025-12-10,Delivered
ORD000697,CUS000007,PRD000033,1,4608.11,20,2024-09-18,2024-09-22,Delivered
ORD000698,CUS000007,PRD000059,7,4905.87,0,2024-08-15,2024-08-22,Processing
ORD000699,CUS000005,PRD000064,9,3922.48,5,2025-06-09,2025-06-15,Delivered
ORD000700,CUS000008,PRD000037,7,5545.14,15,2025-06-21,2025-06-30,Delivered
ORD000701,CUS000008,PRD000091,2,4548.45,10,2026-04-23,2026-05-01,Delivered
ORD000702,CUS000006,PRD000011,6,1878.45,20,2026-01-02,2026-01-12,Shipped
ORD000703,CUS000004,PRD000077,7,2715.47,15,2024-12-25,2024-12-27,Cancelled
ORD000704,CUS000010,PRD000018,5,2802.09,5,2025-05-16,2025-05-20,Delivered
ORD000705,CUS000005,PRD000050,3,5351.29,15,2025-07-29,2025-08-04,Delivered
ORD000706,CUS000005,PRD000053,4,7578.94,20,2024-10-17,2024-10-20,Delivered
ORD000707,CUS000004,PRD000029,10,2832.15,0,2024-12-27,2025-01-02,Shipped
ORD000708,CUS000002,PRD000069,10,3147.62,10,2026-02-10,2026-02-19,Processing
ORD000709,CUS000003,PRD000008,9,3729.65,0,2025-12-04,2025-12-08,Pending
ORD000710,CUS000008,PRD000061,6,5722.14,5,2025-07-09,2025-07-15,Shipped
ORD000711,CUS000001,PRD000028,7,3083.23,15,2024-08-31,2024-09-08,Processing
ORD000712,CUS000008,PRD000059,8,4905.87,20,2026-04-03,2026-04-10,Shipped
ORD000713,CUS000009,PRD000083,6,1732.49,15,2025-09-05,2025-09-15,Shipped
ORD000714,CUS000003,PRD000064,3,3922.48,15,2025-09-08,2025-09-10,Delivered
ORD000715,CUS000009,PRD000060,9,6799.26,15,2026-02-01,2026-02-09,Delivered
ORD000716,CUS000005,PRD000023,1,3389.11,15,2025-04-29,2025-05-04,Shipped
ORD000717,CUS000008,PRD000012,9,1025.51,15,2024-09-04,2024-09-07,Shipped
ORD000718,CUS000001,PRD000090,6,4901.42,0,2025-06-21,2025-06-23,Delivered
ORD000719,CUS000002,PRD000039,1,823.67,15,2026-02-25,2026-03-05,Delivered
ORD000720,CUS000003,PRD000096,2,2621.93,20,2024-12-14,2024-12-21,Delivered
ORD000721,CUS000009,PRD000067,1,5334.45,15,2025-04-30,2025-05-09,Pending
ORD000722,CUS000010,PRD000038,5,1986.29,20,2025-06-09,2025-06-17,Delivered
ORD000723,CUS000006,PRD000061,3,5722.14,15,2026-02-14,2026-02-24,Delivered
ORD000724,CUS000001,PRD000082,5,5074.26,20,2026-03-21,2026-03-31,Cancelled
ORD000725,CUS000005,PRD000080,5,5108.67,10,2024-09-03,2024-09-12,Delivered
ORD000726,CUS000004,PRD000032,5,4825.67,0,2024-07-18,2024-07-22,Delivered
ORD000727,CUS000001,PRD000037,2,5545.14,20,2025-11-18,2025-11-28,Delivered
ORD000728,CUS000010,PRD000045,4,6550.39,15,2025-06-06,2025-06-11,Delivered
ORD000729,CUS000001,PRD000039,7,823.67,5,2025-04-12,2025-04-19,Cancelled
ORD000730,CUS000007,PRD000052,2,4156.45,10,2025-05-09,2025-05-19,Delivered
ORD000731,CUS000002,PRD000088,5,704.72,5,2024-07-22,2024-07-29,Delivered
ORD000732,CUS000010,PRD000067,4,5334.45,0,2026-03-02,2026-03-08,Delivered
ORD000733,CUS000010,PRD000094,10,6100.54,20,2025-08-05,2025-08-08,Cancelled
ORD000734,CUS000006,PRD000004,10,5550.4,15,2025-06-21,2025-06-27,Delivered
ORD000735,CUS000008,PRD000078,1,4245.02,5,2024-09-05,2024-09-14,Delivered
ORD000736,CUS000007,PRD000061,7,5722.14,10,2025-02-14,2025-02-16,Shipped
ORD000737,CUS000009,PRD000023,5,3389.11,15,2026-03-21,2026-03-29,Shipped
ORD000738,CUS000010,PRD000100,6,1135.65,0,2024-08-11,2024-08-19,Cancelled
ORD000739,CUS000010,PRD000024,5,2778.0,15,2025-07-31,2025-08-10,Processing
ORD000740,CUS000002,PRD000032,10,4825.67,10,2024-08-10,2024-08-17,Delivered
ORD000741,CUS000008,PRD000018,9,2802.09,10,2025-03-01,2025-03-07,Shipped
ORD000742,CUS000005,PRD000071,2,1020.08,0,2025-07-21,2025-07-28,Shipped
ORD000743,CUS000001,PRD000026,5,7079.23,5,2026-05-18,2026-05-24,Processing
ORD000744,CUS000005,PRD000064,10,3922.48,20,2026-02-14,2026-02-21,Pending
ORD000745,CUS000009,PRD000036,6,6901.19,10,2025-07-21,2025-07-30,Delivered
ORD000746,CUS000005,PRD000007,6,3864.46,20,2025-12-18,2025-12-27,Delivered
ORD000747,CUS000001,PRD000030,7,249.76,15,2025-02-05,2025-02-11,Shipped
ORD000748,CUS000007,PRD000058,5,2587.62,15,2025-02-16,2025-02-26,Shipped
ORD000749,CUS000007,PRD000028,8,3083.23,20,2026-05-03,2026-05-06,Shipped
ORD000750,CUS000006,PRD000015,2,3617.25,15,2025-10-16,2025-10-23,Shipped
ORD000751,CUS000010,PRD000050,7,5351.29,5,2024-09-06,2024-09-10,Processing
ORD000752,CUS000003,PRD000015,1,3617.25,15,2025-02-05,2025-02-10,Delivered
ORD000753,CUS000002,PRD000095,4,2671.16,20,2025-03-01,2025-03-05,Cancelled
ORD000754,CUS000005,PRD000013,3,1718.24,0,2025-06-07,2025-06-17,Shipped
ORD000755,CUS000007,PRD000043,3,5873.66,0,2025-02-17,2025-02-20,Pending
ORD000756,CUS000007,PRD000021,9,147.97,10,2025-04-30,2025-05-09,Shipped
ORD000757,CUS000001,PRD000024,5,2778.0,15,2026-06-21,2026-07-01,Shipped
ORD000758,CUS000004,PRD000085,4,1788.74,0,2026-03-12,2026-03-20,Delivered
ORD000759,CUS000009,PRD000013,2,1718.24,5,2026-04-07,2026-04-10,Shipped
ORD000760,CUS000004,PRD000030,4,249.76,15,2025-10-23,2025-11-01,Delivered
ORD000761,CUS000008,PRD000054,4,2773.04,5,2025-08-11,2025-08-19,Shipped
ORD000762,CUS000007,PRD000033,8,4608.11,0,2024-08-23,2024-08-30,Delivered
ORD000763,CUS000009,PRD000045,9,6550.39,15,2025-12-18,2025-12-20,Delivered
ORD000764,CUS000009,PRD000030,8,249.76,0,2026-03-01,2026-03-07,Delivered
ORD000765,CUS000010,PRD000047,7,7110.81,10,2024-08-07,2024-08-13,Cancelled
ORD000766,CUS000004,PRD000092,7,3998.81,15,2025-02-23,2025-03-01,Shipped
ORD000767,CUS000001,PRD000094,5,6100.54,0,2026-04-07,2026-04-09,Delivered
ORD000768,CUS000001,PRD000050,7,5351.29,5,2026-05-25,2026-06-02,Cancelled
ORD000769,CUS000002,PRD000096,3,2621.93,20,2024-08-29,2024-09-03,Cancelled
ORD000770,CUS000004,PRD000058,7,2587.62,15,2026-01-20,2026-01-24,Shipped
ORD000771,CUS000008,PRD000033,7,4608.11,15,2026-03-12,2026-03-20,Delivered
ORD000772,CUS000001,PRD000048,2,1311.44,10,2026-04-27,2026-05-01,Processing
ORD000773,CUS000009,PRD000021,7,147.97,15,2025-04-29,2025-05-05,Delivered
ORD000774,CUS000002,PRD000018,7,2802.09,15,2025-02-10,2025-02-15,Shipped
ORD000775,CUS000009,PRD000045,7,6550.39,20,2025-07-23,2025-07-28,Processing
ORD000776,CUS000003,PRD000007,7,3864.46,0,2025-07-07,2025-07-17,Delivered
ORD000777,CUS000002,PRD000021,6,147.97,0,2024-06-27,2024-07-04,Shipped
ORD000778,CUS000006,PRD000009,9,4036.02,5,2026-03-16,2026-03-26,Delivered
ORD000779,CUS000010,PRD000066,10,2836.12,10,2024-10-20,2024-10-27,Delivered
ORD000780,CUS000006,PRD000057,5,5301.14,0,2026-01-16,2026-01-18,Delivered
ORD000781,CUS000004,PRD000010,8,6697.99,5,2026-04-02,2026-04-07,Cancelled
ORD000782,CUS000002,PRD000045,7,6550.39,5,2024-10-13,2024-10-23,Shipped
ORD000783,CUS000009,PRD000028,9,3083.23,10,2026-05-02,2026-05-04,Delivered
ORD000784,CUS000009,PRD000075,7,1991.19,15,2026-06-12,2026-06-17,Pending
ORD000785,CUS000007,PRD000095,1,2671.16,5,2026-05-08,2026-05-17,Delivered
ORD000786,CUS000006,PRD000058,6,2587.62,15,2025-02-20,2025-02-28,Delivered
ORD000787,CUS000008,PRD000068,3,3352.05,20,2024-11-18,2024-11-24,Processing
ORD000788,CUS000008,PRD000052,9,4156.45,20,2024-12-01,2024-12-06,Shipped
ORD000789,CUS000007,PRD000091,10,4548.45,0,2024-12-04,2024-12-14,Cancelled
ORD000790,CUS000005,PRD000010,1,6697.99,10,2026-02-05,2026-02-08,Processing
ORD000791,CUS000007,PRD000086,2,2297.46,5,2024-08-19,2024-08-23,Delivered
ORD000792,CUS000003,PRD000023,6,3389.11,15,2025-07-14,2025-07-21,Cancelled
ORD000793,CUS000006,PRD000024,8,2778.0,15,2026-01-04,2026-01-12,Delivered
ORD000794,CUS000007,PRD000002,6,191.43,10,2025-12-08,2025-12-10,Shipped
ORD000795,CUS000010,PRD000066,7,2836.12,20,2024-11-22,2024-11-30,Delivered
ORD000796,CUS000008,PRD000070,6,1251.07,0,2025-03-01,2025-03-03,Delivered
ORD000797,CUS000003,PRD000098,3,5788.45,20,2026-05-07,2026-05-12,Delivered
ORD000798,CUS000005,PRD000010,8,6697.99,15,2024-08-09,2024-08-17,Delivered
ORD000799,CUS000009,PRD000018,1,2802.09,0,2024-08-24,2024-08-30,Delivered
ORD000800,CUS000009,PRD000094,2,6100.54,5,2024-12-19,2024-12-25,Shipped
ORD000801,CUS000003,PRD000046,1,452.81,15,2025-05-28,2025-05-31,Delivered
ORD000802,CUS000005,PRD000066,1,2836.12,5,2026-01-14,2026-01-24,Delivered
ORD000803,CUS000005,PRD000025,2,7094.08,20,2025-08-04,2025-08-10,Shipped
ORD000804,CUS000008,PRD000082,6,5074.26,20,2025-11-25,2025-11-30,Delivered
ORD000805,CUS000006,PRD000098,4,5788.45,15,2026-04-09,2026-04-19,Shipped
ORD000806,CUS000005,PRD000018,3,2802.09,15,2025-01-15,2025-01-17,Cancelled
ORD000807,CUS000005,PRD000067,4,5334.45,5,2024-12-15,2024-12-21,Cancelled
ORD000808,CUS000007,PRD000076,7,1750.3,5,2025-09-16,2025-09-22,Cancelled
ORD000809,CUS000010,PRD000012,4,1025.51,10,2025-12-24,2025-12-29,Delivered
ORD000810,CUS000004,PRD000005,8,5546.35,15,2025-04-08,2025-04-11,Cancelled
ORD000811,CUS000009,PRD000094,9,6100.54,20,2024-12-02,2024-12-09,Delivered
ORD000812,CUS000010,PRD000027,4,1516.67,10,2025-03-12,2025-03-16,Delivered
ORD000813,CUS000001,PRD000093,1,6774.8,15,2024-07-13,2024-07-16,Delivered
ORD000814,CUS000010,PRD000064,10,3922.48,10,2025-02-15,2025-02-23,Delivered
ORD000815,CUS000009,PRD000070,10,1251.07,0,2025-08-14,2025-08-24,Delivered
ORD000816,CUS000008,PRD000014,7,3666.41,20,2025-11-25,2025-12-02,Processing
ORD000817,CUS000001,PRD000017,7,1137.77,15,2026-01-23,2026-01-29,Shipped
ORD000818,CUS000007,PRD000062,1,6948.99,15,2026-02-11,2026-02-16,Delivered
ORD000819,CUS000005,PRD000010,2,6697.99,20,2025-04-11,2025-04-17,Delivered
ORD000820,CUS000001,PRD000062,5,6948.99,20,2026-02-24,2026-03-02,Delivered
ORD000821,CUS000007,PRD000075,9,1991.19,20,2025-10-12,2025-10-18,Pending
ORD000822,CUS000005,PRD000075,1,1991.19,20,2026-02-13,2026-02-22,Delivered
ORD000823,CUS000004,PRD000037,1,5545.14,0,2024-06-29,2024-07-05,Shipped
ORD000824,CUS000004,PRD000078,1,4245.02,20,2026-02-10,2026-02-15,Shipped
ORD000825,CUS000008,PRD000046,8,452.81,10,2025-10-30,2025-11-02,Delivered
ORD000826,CUS000009,PRD000099,4,3328.3,15,2025-10-16,2025-10-24,Shipped
ORD000827,CUS000003,PRD000073,6,2858.44,10,2026-05-26,2026-05-30,Pending
ORD000828,CUS000004,PRD000024,2,2778.0,0,2026-03-30,2026-04-01,Delivered
ORD000829,CUS000003,PRD000078,5,4245.02,20,2025-04-13,2025-04-21,Delivered
ORD000830,CUS000001,PRD000098,2,5788.45,5,2025-07-08,2025-07-11,Shipped
ORD000831,CUS000007,PRD000034,5,1040.84,20,2026-03-28,2026-04-04,Delivered
ORD000832,CUS000006,PRD000007,1,3864.46,5,2026-04-28,2026-05-06,Delivered
ORD000833,CUS000010,PRD000063,2,5287.0,15,2025-03-19,2025-03-28,Delivered
ORD000834,CUS000003,PRD000065,6,5664.47,20,2025-02-24,2025-03-03,Delivered
ORD000835,CUS000005,PRD000090,1,4901.42,0,2025-07-24,2025-08-01,Shipped
ORD000836,CUS000003,PRD000013,4,1718.24,5,2024-09-06,2024-09-09,Shipped
ORD000837,CUS000006,PRD000073,2,2858.44,10,2026-04-17,2026-04-26,Shipped
ORD000838,CUS000010,PRD000068,5,3352.05,10,2026-03-14,2026-03-21,Delivered
ORD000839,CUS000005,PRD000076,2,1750.3,5,2026-02-01,2026-02-03,Pending
ORD000840,CUS000002,PRD000096,5,2621.93,15,2025-04-28,2025-05-08,Cancelled
ORD000841,CUS000005,PRD000079,2,2369.06,20,2026-05-29,2026-06-04,Shipped
ORD000842,CUS000003,PRD000016,7,4620.55,20,2024-12-18,2024-12-27,Shipped
ORD000843,CUS000007,PRD000092,9,3998.81,5,2024-07-01,2024-07-04,Shipped
ORD000844,CUS000008,PRD000067,2,5334.45,0,2025-02-10,2025-02-20,Delivered
ORD000845,CUS000003,PRD000004,10,5550.4,10,2026-01-06,2026-01-08,Processing
ORD000846,CUS000009,PRD000077,2,2715.47,15,2025-04-06,2025-04-08,Cancelled
ORD000847,CUS000008,PRD000032,7,4825.67,10,2025-02-02,2025-02-10,Delivered
ORD000848,CUS000009,PRD000035,1,5931.87,20,2026-03-21,2026-03-25,Processing
ORD000849,CUS000002,PRD000007,6,3864.46,20,2025-12-11,2025-12-17,Pending
ORD000850,CUS000002,PRD000035,10,5931.87,15,2026-06-21,2026-06-27,Cancelled
ORD000851,CUS000009,PRD000028,8,3083.23,15,2024-08-25,2024-08-30,Cancelled
ORD000852,CUS000002,PRD000026,2,7079.23,15,2026-03-17,2026-03-26,Delivered
ORD000853,CUS000006,PRD000095,1,2671.16,20,2024-11-09,2024-11-16,Shipped
ORD000854,CUS000003,PRD000051,5,2674.54,10,2025-05-24,2025-06-03,Delivered
ORD000855,CUS000006,PRD000042,10,3128.47,15,2024-11-08,2024-11-10,Processing
ORD000856,CUS000008,PRD000082,7,5074.26,0,2026-04-26,2026-05-01,Shipped
ORD000857,CUS000008,PRD000091,7,4548.45,5,2024-09-08,2024-09-15,Delivered
ORD000858,CUS000001,PRD000009,2,4036.02,10,2025-12-07,2025-12-09,Delivered
ORD000859,CUS000010,PRD000055,2,574.5,15,2025-08-20,2025-08-22,Delivered
ORD000860,CUS000010,PRD000019,10,5847.34,20,2024-07-21,2024-07-30,Delivered
ORD000861,CUS000002,PRD000088,8,704.72,5,2026-06-25,2026-07-03,Delivered
ORD000862,CUS000002,PRD000016,3,4620.55,15,2025-05-08,2025-05-13,Delivered
ORD000863,CUS000003,PRD000055,8,574.5,15,2026-06-15,2026-06-20,Delivered
ORD000864,CUS000007,PRD000035,3,5931.87,0,2026-02-17,2026-02-24,Delivered
ORD000865,CUS000009,PRD000012,3,1025.51,0,2026-03-03,2026-03-07,Delivered
ORD000866,CUS000002,PRD000075,3,1991.19,20,2025-01-10,2025-01-18,Delivered
ORD000867,CUS000009,PRD000095,9,2671.16,10,2024-11-21,2024-11-24,Cancelled
ORD000868,CUS000010,PRD000063,1,5287.0,10,2025-04-27,2025-04-30,Delivered
ORD000869,CUS000002,PRD000089,8,4203.87,15,2026-03-04,2026-03-10,Processing
ORD000870,CUS000009,PRD000079,2,2369.06,20,2025-03-07,2025-03-09,Shipped
ORD000871,CUS000006,PRD000089,7,4203.87,0,2024-11-20,2024-11-28,Shipped
ORD000872,CUS000003,PRD000055,1,574.5,0,2025-08-27,2025-09-03,Shipped
ORD000873,CUS000003,PRD000060,3,6799.26,20,2026-02-15,2026-02-24,Delivered
ORD000874,CUS000004,PRD000096,9,2621.93,20,2025-04-24,2025-04-28,Delivered
ORD000875,CUS000010,PRD000080,6,5108.67,15,2025-09-06,2025-09-16,Delivered
ORD000876,CUS000001,PRD000051,5,2674.54,20,2024-11-30,2024-12-03,Delivered
ORD000877,CUS000002,PRD000031,8,4050.1,5,2026-06-07,2026-06-10,Delivered
ORD000878,CUS000004,PRD000001,3,4563.53,20,2025-06-02,2025-06-06,Delivered
ORD000879,CUS000009,PRD000044,1,1777.33,15,2026-06-18,2026-06-28,Shipped
ORD000880,CUS000006,PRD000067,3,5334.45,0,2024-11-27,2024-11-30,Processing
ORD000881,CUS000005,PRD000059,1,4905.87,10,2026-03-02,2026-03-06,Shipped
ORD000882,CUS000002,PRD000085,5,1788.74,15,2024-11-12,2024-11-18,Processing
ORD000883,CUS000007,PRD000029,3,2832.15,20,2025-06-03,2025-06-11,Delivered
ORD000884,CUS000010,PRD000052,7,4156.45,5,2024-10-07,2024-10-13,Processing
ORD000885,CUS000002,PRD000073,7,2858.44,15,2024-08-18,2024-08-21,Delivered
ORD000886,CUS000003,PRD000041,1,3276.99,15,2025-08-04,2025-08-06,Delivered
ORD000887,CUS000009,PRD000022,6,4565.34,10,2024-07-11,2024-07-21,Shipped
ORD000888,CUS000004,PRD000041,2,3276.99,5,2024-06-29,2024-07-07,Processing
ORD000889,CUS000002,PRD000018,5,2802.09,20,2026-04-11,2026-04-17,Delivered
ORD000890,CUS000008,PRD000054,4,2773.04,15,2025-12-10,2025-12-17,Cancelled
ORD000891,CUS000004,PRD000027,5,1516.67,20,2025-03-09,2025-03-11,Cancelled
ORD000892,CUS000006,PRD000096,1,2621.93,5,2025-06-24,2025-06-29,Delivered
ORD000893,CUS000005,PRD000002,4,191.43,0,2024-07-25,2024-07-31,Delivered
ORD000894,CUS000001,PRD000084,10,4221.36,0,2025-12-30,2026-01-03,Shipped
ORD000895,CUS000009,PRD000039,1,823.67,20,2024-11-24,2024-12-03,Processing
ORD000896,CUS000007,PRD000059,4,4905.87,5,2026-02-21,2026-02-28,Processing
ORD000897,CUS000010,PRD000063,10,5287.0,10,2025-07-24,2025-08-02,Processing
ORD000898,CUS000006,PRD000018,2,2802.09,10,2025-12-18,2025-12-22,Delivered
ORD000899,CUS000008,PRD000080,4,5108.67,20,2024-09-30,2024-10-02,Delivered
ORD000900,CUS000010,PRD000001,4,4563.53,15,2025-01-05,2025-01-09,Processing
ORD000901,CUS000007,PRD000013,9,1718.24,15,2024-07-08,2024-07-13,Delivered
ORD000902,CUS000006,PRD000051,6,2674.54,20,2024-11-08,2024-11-11,Delivered
ORD000903,CUS000004,PRD000034,6,1040.84,0,2025-12-23,2026-01-02,Shipped
ORD000904,CUS000006,PRD000066,4,2836.12,0,2026-04-15,2026-04-20,Pending
ORD000905,CUS000002,PRD000026,5,7079.23,0,2025-07-20,2025-07-26,Shipped
ORD000906,CUS000008,PRD000059,10,4905.87,20,2025-02-01,2025-02-08,Delivered
ORD000907,CUS000005,PRD000007,5,3864.46,20,2024-12-14,2024-12-19,Delivered
ORD000908,CUS000008,PRD000090,1,4901.42,15,2026-06-12,2026-06-14,Shipped
ORD000909,CUS000010,PRD000012,6,1025.51,15,2026-04-18,2026-04-25,Delivered
ORD000910,CUS000010,PRD000012,9,1025.51,5,2025-08-08,2025-08-10,Pending
ORD000911,CUS000006,PRD000028,9,3083.23,0,2025-01-04,2025-01-12,Delivered
ORD000912,CUS000008,PRD000087,2,3565.03,5,2025-08-21,2025-08-30,Cancelled
ORD000913,CUS000001,PRD000097,6,172.02,15,2025-01-19,2025-01-29,Delivered
ORD000914,CUS000008,PRD000071,9,1020.08,20,2026-04-09,2026-04-12,Shipped
ORD000915,CUS000004,PRD000028,5,3083.23,20,2024-11-19,2024-11-25,Shipped
ORD000916,CUS000007,PRD000095,10,2671.16,5,2024-12-08,2024-12-12,Pending
ORD000917,CUS000004,PRD000021,1,147.97,0,2026-03-15,2026-03-25,Shipped
ORD000918,CUS000005,PRD000070,4,1251.07,5,2025-03-10,2025-03-18,Processing
ORD000919,CUS000001,PRD000057,2,5301.14,15,2025-01-31,2025-02-07,Delivered
ORD000920,CUS000006,PRD000037,2,5545.14,10,2025-06-26,2025-07-02,Pending
ORD000921,CUS000001,PRD000075,6,1991.19,5,2025-07-07,2025-07-11,Delivered
ORD000922,CUS000002,PRD000053,3,7578.94,10,2025-04-05,2025-04-11,Delivered
ORD000923,CUS000006,PRD000040,9,4388.26,15,2025-01-10,2025-01-19,Delivered
ORD000924,CUS000003,PRD000085,8,1788.74,10,2025-05-13,2025-05-19,Shipped
ORD000925,CUS000003,PRD000100,5,1135.65,5,2025-12-14,2025-12-24,Shipped
ORD000926,CUS000001,PRD000061,2,5722.14,5,2024-09-13,2024-09-17,Delivered
ORD000927,CUS000008,PRD000035,2,5931.87,20,2025-01-19,2025-01-21,Processing
ORD000928,CUS000003,PRD000012,5,1025.51,20,2025-12-19,2025-12-24,Shipped
ORD000929,CUS000004,PRD000066,2,2836.12,5,2024-11-14,2024-11-18,Delivered
ORD000930,CUS000004,PRD000094,4,6100.54,5,2025-09-25,2025-10-05,Shipped
ORD000931,CUS000005,PRD000082,5,5074.26,0,2026-01-18,2026-01-24,Delivered
ORD000932,CUS000008,PRD000058,7,2587.62,5,2024-10-14,2024-10-20,Delivered
ORD000933,CUS000006,PRD000023,6,3389.11,10,2025-08-04,2025-08-08,Shipped
ORD000934,CUS000001,PRD000034,10,1040.84,0,2024-09-28,2024-10-02,Delivered
ORD000935,CUS000006,PRD000073,3,2858.44,5,2025-12-06,2025-12-16,Pending
ORD000936,CUS000001,PRD000014,1,3666.41,5,2024-11-08,2024-11-17,Delivered
ORD000937,CUS000004,PRD000031,5,4050.1,20,2025-02-23,2025-02-25,Delivered
ORD000938,CUS000006,PRD000009,8,4036.02,15,2025-10-03,2025-10-05,Delivered
ORD000939,CUS000005,PRD000035,5,5931.87,10,2025-02-12,2025-02-22,Delivered
ORD000940,CUS000003,PRD000081,10,3489.06,10,2025-07-14,2025-07-23,Delivered
ORD000941,CUS000001,PRD000018,9,2802.09,20,2025-01-10,2025-01-20,Delivered
ORD000942,CUS000001,PRD000046,9,452.81,5,2025-12-16,2025-12-21,Delivered
ORD000943,CUS000005,PRD000099,10,3328.3,20,2024-09-18,2024-09-22,Shipped
ORD000944,CUS000009,PRD000091,7,4548.45,20,2025-10-11,2025-10-15,Shipped
ORD000945,CUS000009,PRD000068,9,3352.05,10,2024-09-23,2024-09-29,Delivered
ORD000946,CUS000005,PRD000085,8,1788.74,10,2025-09-29,2025-10-04,Delivered
ORD000947,CUS000005,PRD000045,8,6550.39,15,2025-08-07,2025-08-15,Shipped
ORD000948,CUS000003,PRD000030,9,249.76,0,2024-12-30,2025-01-06,Shipped
ORD000949,CUS000007,PRD000003,6,6249.34,15,2025-01-23,2025-02-02,Delivered
ORD000950,CUS000004,PRD000047,2,7110.81,20,2025-04-29,2025-05-02,Delivered
ORD000951,CUS000008,PRD000049,1,3079.09,20,2025-07-02,2025-07-09,Delivered
ORD000952,CUS000002,PRD000025,4,7094.08,0,2024-07-18,2024-07-21,Delivered
ORD000953,CUS000007,PRD000059,6,4905.87,20,2026-01-03,2026-01-11,Pending
ORD000954,CUS000005,PRD000021,7,147.97,20,2024-11-27,2024-11-30,Delivered
ORD000955,CUS000006,PRD000011,9,1878.45,10,2025-07-08,2025-07-18,Shipped
ORD000956,CUS000003,PRD000001,5,4563.53,5,2025-12-25,2025-12-28,Delivered
ORD000957,CUS000006,PRD000057,5,5301.14,15,2026-05-25,2026-06-04,Delivered
ORD000958,CUS000007,PRD000063,3,5287.0,20,2025-01-11,2025-01-20,Delivered
ORD000959,CUS000004,PRD000075,10,1991.19,0,2024-10-31,2024-11-07,Delivered
ORD000960,CUS000009,PRD000047,6,7110.81,5,2025-07-17,2025-07-26,Delivered
ORD000961,CUS000006,PRD000008,8,3729.65,15,2025-03-31,2025-04-10,Pending
ORD000962,CUS000002,PRD000098,5,5788.45,0,2026-01-09,2026-01-13,Delivered
ORD000963,CUS000003,PRD000079,8,2369.06,15,2025-12-30,2026-01-04,Delivered
ORD000964,CUS000010,PRD000075,4,1991.19,5,2025-03-20,2025-03-23,Delivered
ORD000965,CUS000002,PRD000037,8,5545.14,5,2025-02-27,2025-03-08,Shipped
ORD000966,CUS000009,PRD000010,2,6697.99,20,2025-11-08,2025-11-11,Pending
ORD000967,CUS000006,PRD000081,5,3489.06,10,2025-06-30,2025-07-04,Delivered
ORD000968,CUS000010,PRD000031,9,4050.1,0,2025-03-08,2025-03-17,Shipped
ORD000969,CUS000009,PRD000065,2,5664.47,5,2026-04-05,2026-04-15,Delivered
ORD000970,CUS000003,PRD000024,10,2778.0,20,2024-10-24,2024-11-03,Processing
ORD000971,CUS000010,PRD000068,6,3352.05,10,2025-08-14,2025-08-20,Delivered
ORD000972,CUS000001,PRD000070,5,1251.07,10,2026-03-14,2026-03-19,Delivered
ORD000973,CUS000004,PRD000062,7,6948.99,20,2025-03-01,2025-03-09,Processing
ORD000974,CUS000002,PRD000059,6,4905.87,10,2026-06-25,2026-07-01,Delivered
ORD000975,CUS000002,PRD000027,3,1516.67,5,2025-06-20,2025-06-22,Delivered
ORD000976,CUS000002,PRD000096,9,2621.93,20,2025-12-30,2026-01-09,Pending
ORD000977,CUS000005,PRD000020,9,221.05,10,2025-05-20,2025-05-30,Delivered
ORD000978,CUS000005,PRD000036,9,6901.19,5,2024-09-15,2024-09-24,Processing
ORD000979,CUS000002,PRD000006,2,4855.48,10,2025-07-14,2025-07-19,Delivered
ORD000980,CUS000008,PRD000010,3,6697.99,5,2026-02-24,2026-03-05,Delivered
ORD000981,CUS000002,PRD000069,3,3147.62,0,2026-03-15,2026-03-18,Delivered
ORD000982,CUS000008,PRD000077,6,2715.47,5,2025-12-01,2025-12-09,Cancelled
ORD000983,CUS000003,PRD000082,7,5074.26,0,2026-02-14,2026-02-16,Delivered
ORD000984,CUS000001,PRD000010,3,6697.99,20,2025-12-15,2025-12-17,Pending
ORD000985,CUS000005,PRD000098,2,5788.45,10,2024-09-01,2024-09-09,Delivered
ORD000986,CUS000002,PRD000087,10,3565.03,5,2026-02-02,2026-02-09,Delivered
ORD000987,CUS000008,PRD000045,9,6550.39,15,2025-01-06,2025-01-12,Delivered
ORD000988,CUS000006,PRD000065,5,5664.47,10,2025-01-01,2025-01-09,Cancelled
ORD000989,CUS000002,PRD000062,7,6948.99,0,2026-03-08,2026-03-12,Delivered
ORD000990,CUS000009,PRD000035,7,5931.87,15,2024-11-02,2024-11-09,Delivered
ORD000991,CUS000006,PRD000090,3,4901.42,0,2026-04-16,2026-04-21,Delivered
ORD000992,CUS000010,PRD000059,9,4905.87,0,2025-08-24,2025-08-31,Delivered
ORD000993,CUS000002,PRD000008,1,3729.65,10,2024-11-11,2024-11-18,Delivered
ORD000994,CUS000005,PRD000033,3,4608.11,0,2026-04-10,2026-04-18,Delivered
ORD000995,CUS000009,PRD000097,2,172.02,0,2025-10-09,2025-10-11,Delivered
ORD000996,CUS000009,PRD000008,10,3729.65,20,2024-09-21,2024-09-28,Delivered
ORD000997,CUS000003,PRD000039,3,823.67,10,2025-07-24,2025-08-02,Delivered
ORD000998,CUS000008,PRD000087,8,3565.03,5,2026-06-10,2026-06-12,Processing
ORD000999,CUS000008,PRD000002,2,191.43,15,2024-10-20,2024-10-23,Delivered
ORD001000,CUS000008,PRD000067,4,5334.45,0,2025-12-18,2025-12-26,Delivered
